"subject_id","bandedkillifishmenonakillifish","blackbandedtopm","blackbullhead","blackchinblackchinshiner","blackcrappie","blacknoseblacknosedshiner","bluegill","bluntnosedbluntnoseminnow","bowfindogfish","brooksilversidesilversides","brookstickleback","brooktrout","brownbullhead","browntrout","carp","centralmudminnowmudminnow","cisco","commonshiner","commonsuckerwhitesucker","fatheadfatheadminnow","finescaleddace","goldenshiner","greensunflsh","iowadarter","johnnydarter","lakechubsucker","laketrout","largemouthbass","leastdarter","logperch","longearedlongearsunflsh","longnosegar","mimicshiner","muddlermottledsculpincbbairdi","mudpickerelgrasspickerel","mulletredhorse","muskiemuskellunge","northernpike","nredbellydaceredbellieddace","pearldacenortherndace","perchyellowperch","pumpkinseed","rainbowtrout","rockbass","sandshinerstrawcoloredshiner","sauger","shortnosegar","smallmouthbass","spottailspottailshiner","spottedgar","tadpolemadtom","walleyeyellowpikeperch","warmouth","whitebass","yellowbullhead","front","back","abund_comments","fish_extras"
58748575,NA,NA,NA,NA,NA,NA,NA,NA,NA,NA,NA,NA,NA,NA,NA,NA,NA,NA,NA,NA,NA,NA,NA,NA,NA,NA,NA,NA,NA,NA,NA,NA,NA,NA,NA,NA,NA,NA,NA,NA,NA,NA,NA,NA,NA,NA,NA,NA,NA,NA,NA,NA,NA,NA,NA,"https://changes-ifr.s3.us-east-2.amazonaws.com/ss1/FISHc/double/a_first/part1/Charlevoix_ Charlevoix216_FISHc_0001.jpg","https://changes-ifr.s3.us-east-2.amazonaws.com/ss1/FISHc/double/a_first/part1/Charlevoix_ Charlevoix216_FISHc_0002.jpg",NA,"Sea Lamprey - 1"
58748587,NA,NA,NA,NA,NA,NA,NA,NA,NA,NA,NA,NA,NA,NA,NA,NA,NA,NA,NA,NA,NA,NA,NA,NA,NA,NA,NA,NA,NA,NA,NA,NA,NA,NA,NA,NA,NA,NA,NA,NA,NA,NA,NA,NA,NA,NA,NA,NA,NA,NA,NA,NA,NA,NA,NA,"https://changes-ifr.s3.us-east-2.amazonaws.com/ss1/FISHc/double/a_first/part1/Charlevoix_ Charlevoix217_FISHc_0001.jpg","https://changes-ifr.s3.us-east-2.amazonaws.com/ss1/FISHc/double/a_first/part1/Charlevoix_ Charlevoix217_FISHc_0002.jpg",NA,"Sea Lamprey - 1"
58748639,NA,NA,NA,NA,NA,NA,NA,NA,NA,NA,NA,NA,NA,NA,NA,NA,NA,NA,NA,NA,NA,NA,NA,NA,NA,NA,NA,NA,NA,NA,NA,NA,NA,NA,NA,NA,NA,NA,NA,NA,NA,NA,NA,NA,NA,NA,NA,NA,NA,NA,NA,NA,NA,NA,NA,"https://changes-ifr.s3.us-east-2.amazonaws.com/ss1/FISHc/double/a_first/part1/Charlevoix_Charlevoix169_FISHc.jpg","https://changes-ifr.s3.us-east-2.amazonaws.com/ss1/FISHc/double/a_first/part1/Charlevoix_Charlevoix169p2_FISHc.jpg",NA,"Smelt - 1"
58749045,NA,NA,NA,NA,NA,NA,NA,NA,NA,NA,NA,NA,NA,NA,NA,NA,NA,NA,NA,NA,NA,NA,NA,NA,NA,NA,NA,NA,NA,NA,NA,NA,NA,NA,NA,NA,NA,NA,NA,NA,NA,NA,NA,NA,NA,NA,NA,NA,NA,NA,NA,NA,NA,NA,NA,"https://changes-ifr.s3.us-east-2.amazonaws.com/ss1/FISHc/double/a_first/part1/Cheboygan_MullettLake_FISHc_213.jpg","https://changes-ifr.s3.us-east-2.amazonaws.com/ss1/FISHc/double/a_first/part1/Cheboygan_MullettLake_FISHc_214.jpg",NA,"Silver Lamprey - 1"
58749933,NA,NA,NA,NA,NA,NA,NA,NA,NA,NA,NA,NA,NA,NA,NA,NA,NA,NA,NA,NA,NA,NA,NA,NA,NA,NA,NA,NA,NA,NA,NA,NA,NA,NA,NA,NA,NA,NA,NA,NA,NA,NA,NA,NA,NA,NA,NA,NA,NA,NA,NA,NA,NA,NA,NA,"https://changes-ifr.s3.us-east-2.amazonaws.com/ss1/FISHc/double/a_first/part1/Gladwin_House_FISHc_029.jpg","https://changes-ifr.s3.us-east-2.amazonaws.com/ss1/FISHc/double/a_first/part1/Gladwin_House_FISHc_030.jpg",NA,"Hybrid sunfish - 5"
58749959,NA,NA,NA,NA,NA,NA,NA,NA,NA,NA,NA,NA,NA,NA,NA,NA,NA,NA,NA,NA,NA,NA,NA,NA,NA,NA,NA,NA,NA,NA,NA,NA,NA,NA,NA,NA,NA,NA,NA,NA,NA,NA,NA,NA,NA,NA,NA,NA,NA,NA,NA,NA,NA,NA,NA,"https://changes-ifr.s3.us-east-2.amazonaws.com/ss1/FISHc/double/a_first/part1/Gladwin_LakeFour_FISHc_039.jpg","https://changes-ifr.s3.us-east-2.amazonaws.com/ss1/FISHc/double/a_first/part1/Gladwin_LakeFour_FISHc_040.jpg",NA,"Hybrid Sunfish - 1"
58750114,NA,NA,NA,NA,NA,NA,NA,NA,NA,NA,NA,NA,NA,NA,NA,NA,NA,NA,NA,NA,NA,NA,NA,NA,NA,NA,NA,NA,NA,NA,NA,NA,NA,NA,NA,NA,NA,NA,NA,NA,NA,NA,NA,NA,NA,NA,NA,NA,NA,NA,NA,NA,NA,NA,NA,"https://changes-ifr.s3.us-east-2.amazonaws.com/ss1/FISHc/double/a_first/part1/Gladwin_Smallwood_FISHc_047.jpg","https://changes-ifr.s3.us-east-2.amazonaws.com/ss1/FISHc/double/a_first/part1/Gladwin_Smallwood_FISHc_048.jpg",NA,"Channel cat - 1"
58750195,NA,NA,NA,NA,NA,NA,NA,NA,NA,NA,NA,NA,NA,NA,NA,NA,NA,NA,NA,NA,NA,NA,NA,NA,NA,NA,NA,NA,NA,NA,NA,NA,NA,NA,NA,NA,NA,NA,NA,NA,NA,NA,NA,NA,NA,NA,NA,NA,NA,NA,NA,NA,NA,NA,NA,"https://changes-ifr.s3.us-east-2.amazonaws.com/ss1/FISHc/double/a_first/part1/Gladwin_Wiggins_FISHc_062.jpg","https://changes-ifr.s3.us-east-2.amazonaws.com/ss1/FISHc/double/a_first/part1/Gladwin_Wiggins_FISHc_063.jpg",NA,"Hog Sucker - 1"
58750881,NA,NA,NA,NA,NA,NA,NA,NA,NA,NA,NA,NA,NA,NA,NA,NA,NA,NA,NA,NA,NA,NA,NA,NA,NA,NA,NA,NA,NA,NA,NA,NA,NA,NA,NA,NA,NA,NA,NA,NA,NA,NA,NA,NA,NA,NA,NA,NA,NA,NA,NA,NA,NA,NA,NA,"https://changes-ifr.s3.us-east-2.amazonaws.com/ss1/FISHc/double/a_first/part1/Gogebic_Redboat_FISHc_021.jpg","https://changes-ifr.s3.us-east-2.amazonaws.com/ss1/FISHc/double/a_first/part1/Gogebic_Redboat_FISHc_022.jpg",NA,"Creek Chub - 1"
58751374,NA,NA,NA,NA,NA,NA,NA,NA,NA,NA,NA,NA,NA,NA,NA,NA,NA,NA,NA,NA,NA,NA,NA,NA,NA,NA,NA,NA,NA,NA,NA,NA,NA,NA,NA,NA,NA,NA,NA,NA,NA,NA,NA,NA,NA,NA,NA,NA,NA,NA,NA,NA,NA,NA,NA,"https://changes-ifr.s3.us-east-2.amazonaws.com/ss1/FISHc/double/a_first/part2/Houghton_Otter_FISHc_029.jpg","https://changes-ifr.s3.us-east-2.amazonaws.com/ss1/FISHc/double/a_first/part2/Houghton_Otter_FISHc_030.jpg",NA,"Silver lamprey - 2"
58751635,NA,NA,NA,NA,NA,NA,NA,NA,NA,NA,NA,NA,NA,NA,NA,NA,NA,NA,NA,NA,NA,NA,NA,NA,NA,NA,NA,NA,NA,NA,NA,NA,NA,NA,NA,NA,NA,NA,NA,NA,NA,NA,NA,NA,NA,NA,NA,NA,NA,NA,NA,NA,NA,NA,NA,"https://changes-ifr.s3.us-east-2.amazonaws.com/ss1/FISHc/double/a_first/part2/Iosco_VanEtten_FISHc_077.jpg","https://changes-ifr.s3.us-east-2.amazonaws.com/ss1/FISHc/double/a_first/part2/Iosco_VanEtten_FISHc_078.jpg",NA,"Silver lamprey - 2"
58751637,NA,NA,NA,NA,NA,NA,NA,NA,NA,NA,NA,NA,NA,NA,NA,NA,NA,NA,NA,NA,NA,NA,NA,NA,NA,NA,NA,NA,NA,NA,NA,NA,NA,NA,NA,NA,NA,NA,NA,NA,NA,NA,NA,NA,NA,NA,NA,NA,NA,NA,NA,NA,NA,NA,NA,"https://changes-ifr.s3.us-east-2.amazonaws.com/ss1/FISHc/double/a_first/part2/Iron_Balcomb_FISHc_008.jpg","https://changes-ifr.s3.us-east-2.amazonaws.com/ss1/FISHc/double/a_first/part2/Iron_Balcomb_FISHc_009.jpg",NA,"Bullhead - 4"
58753209,NA,NA,NA,NA,NA,NA,NA,NA,NA,NA,NA,NA,NA,NA,NA,NA,NA,NA,NA,NA,NA,NA,NA,NA,NA,NA,NA,NA,NA,NA,NA,NA,NA,NA,NA,NA,NA,NA,NA,NA,NA,NA,NA,NA,NA,NA,NA,NA,NA,NA,NA,NA,NA,NA,NA,"https://changes-ifr.s3.us-east-2.amazonaws.com/ss1/FISHc/double/a_first/part2/Keweenaw_Medora_FISHc_102.jpg","https://changes-ifr.s3.us-east-2.amazonaws.com/ss1/FISHc/double/a_first/part2/Keweenaw_Medora_FISHc_103.jpg",NA,"Medora Whitefish - 28"
58753213,NA,NA,NA,NA,NA,NA,NA,NA,NA,NA,NA,NA,NA,NA,NA,NA,NA,NA,NA,NA,NA,NA,NA,NA,NA,NA,NA,NA,NA,NA,NA,NA,NA,NA,NA,NA,NA,NA,NA,NA,NA,NA,NA,NA,NA,NA,NA,NA,NA,NA,NA,NA,NA,NA,NA,"https://changes-ifr.s3.us-east-2.amazonaws.com/ss1/FISHc/double/a_first/part2/Keweenaw_Medora_FISHc_104.jpg","https://changes-ifr.s3.us-east-2.amazonaws.com/ss1/FISHc/double/a_first/part2/Keweenaw_Medora_FISHc_105.jpg",NA,"Medora Whitefish - 14"
58753219,NA,NA,NA,NA,NA,NA,NA,NA,NA,NA,NA,NA,NA,NA,NA,NA,NA,NA,NA,NA,NA,NA,NA,NA,NA,NA,NA,NA,NA,NA,NA,NA,NA,NA,NA,NA,NA,NA,NA,NA,NA,NA,NA,NA,NA,NA,NA,NA,NA,NA,NA,NA,NA,NA,NA,"https://changes-ifr.s3.us-east-2.amazonaws.com/ss1/FISHc/double/a_first/part2/Keweenaw_Medora_FISHc_116.jpg","https://changes-ifr.s3.us-east-2.amazonaws.com/ss1/FISHc/double/a_first/part2/Keweenaw_Medora_FISHc_117.jpg",NA,"Medora Whitefish - 15"
58753507,NA,NA,NA,NA,NA,NA,NA,NA,NA,NA,NA,NA,NA,NA,NA,NA,NA,NA,NA,NA,NA,NA,NA,NA,NA,NA,NA,NA,NA,NA,NA,NA,NA,NA,NA,NA,NA,NA,NA,NA,NA,NA,NA,NA,NA,NA,NA,NA,NA,NA,NA,NA,NA,NA,NA,"https://changes-ifr.s3.us-east-2.amazonaws.com/ss1/FISHc/double/a_first/part2/Lapeer_Watts_FISHc_033.jpg","https://changes-ifr.s3.us-east-2.amazonaws.com/ss1/FISHc/double/a_first/part2/Lapeer_Watts_FISHc_034.jpg",NA,"Green Sunfish x Redear Sunfish Hybrid - 8"
58753541,NA,NA,NA,NA,NA,NA,NA,NA,NA,NA,NA,NA,NA,NA,NA,NA,NA,NA,NA,NA,NA,NA,NA,NA,NA,NA,NA,NA,NA,NA,NA,NA,NA,NA,NA,NA,NA,NA,NA,NA,NA,NA,NA,NA,NA,NA,NA,NA,NA,NA,NA,NA,NA,NA,NA,"https://changes-ifr.s3.us-east-2.amazonaws.com/ss1/FISHc/double/a_first/part2/Ottawa_Macatawa_FISHc_147.jpeg","https://changes-ifr.s3.us-east-2.amazonaws.com/ss1/FISHc/double/a_first/part2/Ottawa_Macatawa_FISHc_148.jpeg",NA,"Goldfish-40"
58753656,NA,NA,NA,NA,NA,NA,NA,NA,NA,NA,NA,NA,NA,NA,NA,NA,NA,NA,NA,NA,NA,NA,NA,NA,NA,NA,NA,NA,NA,NA,NA,NA,NA,NA,NA,NA,NA,NA,NA,NA,NA,NA,NA,NA,NA,NA,NA,NA,NA,NA,NA,NA,NA,NA,NA,"https://changes-ifr.s3.us-east-2.amazonaws.com/ss1/FISHc/double/a_first/part2/Schoolcraft_Indian_75-69_1952_FISHc_022_01.jpg","https://changes-ifr.s3.us-east-2.amazonaws.com/ss1/FISHc/double/a_first/part2/Schoolcraft_Indian_75-69_1952_FISHc_022_02.jpg",NA,"Silver Lamprey - 1"
59105476,NA,NA,NA,NA,NA,NA,NA,NA,NA,NA,NA,NA,NA,NA,NA,NA,NA,NA,NA,NA,NA,NA,NA,NA,NA,NA,NA,NA,NA,NA,NA,NA,NA,NA,NA,NA,NA,NA,NA,NA,NA,NA,NA,NA,NA,NA,NA,NA,NA,NA,NA,NA,NA,NA,NA,"https://changes-ifr.s3.us-east-2.amazonaws.com/ss1/FISHc/double/b_first/StJoseph_Portage_FISHc_016.jpeg","https://changes-ifr.s3.us-east-2.amazonaws.com/ss1/FISHc/double/b_first/StJoseph_Portage_FISHc_015.jpeg",NA,"Chestnut lamprey - 1"
59105773,NA,NA,NA,NA,NA,NA,NA,NA,NA,NA,NA,NA,NA,NA,NA,NA,NA,NA,NA,NA,NA,NA,NA,NA,NA,NA,NA,NA,NA,NA,NA,NA,NA,NA,NA,NA,NA,NA,NA,NA,NA,NA,NA,NA,NA,NA,NA,NA,NA,NA,NA,NA,NA,NA,NA,"https://changes-ifr.s3.us-east-2.amazonaws.com/ss1/FISHc/double/b_first/Schoolcraft_Indian_FISHc_042.jpeg","https://changes-ifr.s3.us-east-2.amazonaws.com/ss1/FISHc/double/b_first/Schoolcraft_Indian_FISHc_041.jpeg",NA,"Silver Lamprey - 1"
59106036,NA,NA,NA,NA,NA,NA,NA,NA,NA,NA,NA,NA,NA,NA,NA,NA,NA,NA,NA,NA,NA,NA,NA,NA,NA,NA,NA,NA,NA,NA,NA,NA,NA,NA,NA,NA,NA,NA,NA,NA,NA,NA,NA,NA,NA,NA,NA,NA,NA,NA,NA,NA,NA,NA,NA,"https://changes-ifr.s3.us-east-2.amazonaws.com/ss1/FISHc/double/b_first/Saginaw_Linton_FISHc_046.jpeg","https://changes-ifr.s3.us-east-2.amazonaws.com/ss1/FISHc/double/b_first/Saginaw_Linton_FISHc_045.jpeg",NA,"Gizzard Shad - 1"
59106042,NA,NA,NA,NA,NA,NA,NA,NA,NA,NA,NA,NA,NA,NA,NA,NA,NA,NA,NA,NA,NA,NA,NA,NA,NA,NA,NA,NA,NA,NA,NA,NA,NA,NA,NA,NA,NA,NA,NA,NA,NA,NA,NA,NA,NA,NA,NA,NA,NA,NA,NA,NA,NA,NA,NA,"https://changes-ifr.s3.us-east-2.amazonaws.com/ss1/FISHc/double/b_first/Saginaw_Linton_FISHc_038.jpeg","https://changes-ifr.s3.us-east-2.amazonaws.com/ss1/FISHc/double/b_first/Saginaw_Linton_FISHc_037.jpeg",NA,"Gizzard Shad - 32"
59106091,NA,NA,NA,NA,NA,NA,NA,NA,NA,NA,NA,NA,NA,NA,NA,NA,NA,NA,NA,NA,NA,NA,NA,NA,NA,NA,NA,NA,NA,NA,NA,NA,NA,NA,NA,NA,NA,NA,NA,NA,NA,NA,NA,NA,NA,NA,NA,NA,NA,NA,NA,NA,NA,NA,NA,"https://changes-ifr.s3.us-east-2.amazonaws.com/ss1/FISHc/double/b_first/Roscommon_Higgins_FISHc_530.jpeg","https://changes-ifr.s3.us-east-2.amazonaws.com/ss1/FISHc/double/b_first/Roscommon_Higgins_FISHc_529.jpeg",NA,"Whitefish - 9"
59106093,NA,NA,NA,NA,NA,NA,NA,NA,NA,NA,NA,NA,NA,NA,NA,NA,NA,NA,NA,NA,NA,NA,NA,NA,NA,NA,NA,NA,NA,NA,NA,NA,NA,NA,NA,NA,NA,NA,NA,NA,NA,NA,NA,NA,NA,NA,NA,NA,NA,NA,NA,NA,NA,NA,NA,"https://changes-ifr.s3.us-east-2.amazonaws.com/ss1/FISHc/double/b_first/Roscommon_Higgins_FISHc_526.jpeg","https://changes-ifr.s3.us-east-2.amazonaws.com/ss1/FISHc/double/b_first/Roscommon_Higgins_FISHc_525.jpeg",NA,"Whitefish - 6"
59106094,NA,NA,NA,NA,NA,NA,NA,NA,NA,NA,NA,NA,NA,NA,NA,NA,NA,NA,NA,NA,NA,NA,NA,NA,NA,NA,NA,NA,NA,NA,NA,NA,NA,NA,NA,NA,NA,NA,NA,NA,NA,NA,NA,NA,NA,NA,NA,NA,NA,NA,NA,NA,NA,NA,NA,"https://changes-ifr.s3.us-east-2.amazonaws.com/ss1/FISHc/double/b_first/Roscommon_Higgins_FISHc_528.jpeg","https://changes-ifr.s3.us-east-2.amazonaws.com/ss1/FISHc/double/b_first/Roscommon_Higgins_FISHc_527.jpeg",NA,"Whitefish - 1"
59106095,NA,NA,NA,NA,NA,NA,NA,NA,NA,NA,NA,NA,NA,NA,NA,NA,NA,NA,NA,NA,NA,NA,NA,NA,NA,NA,NA,NA,NA,NA,NA,NA,NA,NA,NA,NA,NA,NA,NA,NA,NA,NA,NA,NA,NA,NA,NA,NA,NA,NA,NA,NA,NA,NA,NA,"https://changes-ifr.s3.us-east-2.amazonaws.com/ss1/FISHc/double/b_first/Roscommon_Higgins_FISHc_522.jpeg","https://changes-ifr.s3.us-east-2.amazonaws.com/ss1/FISHc/double/b_first/Roscommon_Higgins_FISHc_521.jpeg",NA,"Whitefish - 5"
59106102,NA,NA,NA,NA,NA,NA,NA,NA,NA,NA,NA,NA,NA,NA,NA,NA,NA,NA,NA,NA,NA,NA,NA,NA,NA,NA,NA,NA,NA,NA,NA,NA,NA,NA,NA,NA,NA,NA,NA,NA,NA,NA,NA,NA,NA,NA,NA,NA,NA,NA,NA,NA,NA,NA,NA,"https://changes-ifr.s3.us-east-2.amazonaws.com/ss1/FISHc/double/b_first/Roscommon_Higgins_FISHc_218.jpeg","https://changes-ifr.s3.us-east-2.amazonaws.com/ss1/FISHc/double/b_first/Roscommon_Higgins_FISHc_217.jpeg",NA,"Whitefish - 2"
59106119,NA,NA,NA,NA,NA,NA,NA,NA,NA,NA,NA,NA,NA,NA,NA,NA,NA,NA,NA,NA,NA,NA,NA,NA,NA,NA,NA,NA,NA,NA,NA,NA,NA,NA,NA,NA,NA,NA,NA,NA,NA,NA,NA,NA,NA,NA,NA,NA,NA,NA,NA,NA,NA,NA,NA,"https://changes-ifr.s3.us-east-2.amazonaws.com/ss1/FISHc/double/b_first/Roscommon_Higgins_FISHc_182.jpeg","https://changes-ifr.s3.us-east-2.amazonaws.com/ss1/FISHc/double/b_first/Roscommon_Higgins_FISHc_181.jpeg",NA,"Whitefish - 2"
59106125,NA,NA,NA,NA,NA,NA,NA,NA,NA,NA,NA,NA,NA,NA,NA,NA,NA,NA,NA,NA,NA,NA,NA,NA,NA,NA,NA,NA,NA,NA,NA,NA,NA,NA,NA,NA,NA,NA,NA,NA,NA,NA,NA,NA,NA,NA,NA,NA,NA,NA,NA,NA,NA,NA,NA,"https://changes-ifr.s3.us-east-2.amazonaws.com/ss1/FISHc/double/b_first/Roscommon_Higgins_FISHc_174.jpeg","https://changes-ifr.s3.us-east-2.amazonaws.com/ss1/FISHc/double/b_first/Roscommon_Higgins_FISHc_173.jpeg",NA,"Whitefish - 1"
59106160,NA,NA,NA,NA,NA,NA,NA,NA,NA,NA,NA,NA,NA,NA,NA,NA,NA,NA,NA,NA,NA,NA,NA,NA,NA,NA,NA,NA,NA,NA,NA,NA,NA,NA,NA,NA,NA,NA,NA,NA,NA,NA,NA,NA,NA,NA,NA,NA,NA,NA,NA,NA,NA,NA,NA,"https://changes-ifr.s3.us-east-2.amazonaws.com/ss1/FISHc/double/b_first/Roscommon_Higgins_FISHc_070.jpeg","https://changes-ifr.s3.us-east-2.amazonaws.com/ss1/FISHc/double/b_first/Roscommon_Higgins_FISHc_069.jpeg",NA,"Whitefish - 19"
59106161,NA,NA,NA,NA,NA,NA,NA,NA,NA,NA,NA,NA,NA,NA,NA,NA,NA,NA,NA,NA,NA,NA,NA,NA,NA,NA,NA,NA,NA,NA,NA,NA,NA,NA,NA,NA,NA,NA,NA,NA,NA,NA,NA,NA,NA,NA,NA,NA,NA,NA,NA,NA,NA,NA,NA,"https://changes-ifr.s3.us-east-2.amazonaws.com/ss1/FISHc/double/b_first/Roscommon_Higgins_FISHc_076.jpeg","https://changes-ifr.s3.us-east-2.amazonaws.com/ss1/FISHc/double/b_first/Roscommon_Higgins_FISHc_075.jpeg",NA,"Whitefish - 1"
59106163,NA,NA,NA,NA,NA,NA,NA,NA,NA,NA,NA,NA,NA,NA,NA,NA,NA,NA,NA,NA,NA,NA,NA,NA,NA,NA,NA,NA,NA,NA,NA,NA,NA,NA,NA,NA,NA,NA,NA,NA,NA,NA,NA,NA,NA,NA,NA,NA,NA,NA,NA,NA,NA,NA,NA,"https://changes-ifr.s3.us-east-2.amazonaws.com/ss1/FISHc/double/b_first/Roscommon_Higgins_FISHc_066.jpeg","https://changes-ifr.s3.us-east-2.amazonaws.com/ss1/FISHc/double/b_first/Roscommon_Higgins_FISHc_065.jpeg",NA,"Whitefish - 1"
59106166,NA,NA,NA,NA,NA,NA,NA,NA,NA,NA,NA,NA,NA,NA,NA,NA,NA,NA,NA,NA,NA,NA,NA,NA,NA,NA,NA,NA,NA,NA,NA,NA,NA,NA,NA,NA,NA,NA,NA,NA,NA,NA,NA,NA,NA,NA,NA,NA,NA,NA,NA,NA,NA,NA,NA,"https://changes-ifr.s3.us-east-2.amazonaws.com/ss1/FISHc/double/b_first/Roscommon_Higgins_FISHc_064.jpeg","https://changes-ifr.s3.us-east-2.amazonaws.com/ss1/FISHc/double/b_first/Roscommon_Higgins_FISHc_063.jpeg",NA,"Whitefish - 1"
59963474,NA,NA,NA,NA,NA,NA,"somethingelse",NA,NA,NA,NA,NA,NA,NA,NA,NA,NA,NA,NA,NA,NA,NA,NA,NA,NA,NA,NA,NA,NA,NA,NA,NA,NA,NA,NA,NA,NA,NA,NA,NA,NA,NA,NA,NA,NA,NA,NA,NA,NA,NA,NA,NA,NA,NA,NA,"https://changes-ifr.s3.us-east-2.amazonaws.com/ss2/FISHc/double/a_first/ALCONA_CLEAR_FISHc_0001_1.jpeg","https://changes-ifr.s3.us-east-2.amazonaws.com/ss2/FISHc/double/a_first/ALCONA_CLEAR_FISHc_0001_2.jpeg",NA,"Sunfish, bluegills - 11,250"
59964881,NA,NA,NA,NA,NA,NA,NA,NA,NA,NA,NA,NA,NA,NA,NA,NA,NA,NA,NA,NA,NA,NA,NA,NA,NA,NA,NA,NA,NA,NA,NA,NA,NA,NA,NA,NA,NA,NA,NA,NA,NA,NA,NA,NA,NA,NA,NA,NA,NA,NA,NA,NA,NA,NA,NA,"https://changes-ifr.s3.us-east-2.amazonaws.com/ss2/FISHc/double/a_first/ANTRIM_ELK_FISHc_0005_1.jpeg","https://changes-ifr.s3.us-east-2.amazonaws.com/ss2/FISHc/double/a_first/ANTRIM_ELK_FISHc_0005_2.jpeg",NA,"Splake - 5"
59965104,NA,NA,NA,NA,NA,NA,NA,NA,NA,NA,NA,NA,NA,NA,NA,NA,NA,NA,NA,NA,NA,NA,NA,NA,NA,NA,NA,NA,NA,NA,NA,NA,NA,NA,NA,NA,NA,NA,NA,NA,NA,NA,NA,NA,NA,NA,NA,NA,NA,NA,NA,NA,NA,NA,NA,"https://changes-ifr.s3.us-east-2.amazonaws.com/ss2/FISHc/double/a_first/ANTRIM_TORCH_FISHc_0059_1.jpeg","https://changes-ifr.s3.us-east-2.amazonaws.com/ss2/FISHc/double/a_first/ANTRIM_TORCH_FISHc_0059_2.jpeg",NA,"Burbot - 1"
59965290,NA,NA,NA,NA,NA,NA,NA,NA,NA,NA,NA,NA,NA,NA,NA,NA,NA,NA,NA,NA,NA,NA,NA,NA,NA,NA,NA,NA,NA,NA,NA,NA,NA,NA,NA,NA,NA,NA,NA,NA,NA,NA,NA,NA,NA,NA,NA,NA,NA,NA,NA,NA,NA,NA,NA,"https://changes-ifr.s3.us-east-2.amazonaws.com/ss2/FISHc/double/a_first/BARAGA_GEORGE_FISHc_0007_1.jpeg","https://changes-ifr.s3.us-east-2.amazonaws.com/ss2/FISHc/double/a_first/BARAGA_GEORGE_FISHc_0007_2.jpeg",NA,"Burbot - 1"
59965320,NA,NA,NA,NA,NA,NA,NA,NA,NA,NA,NA,NA,NA,NA,NA,NA,NA,NA,NA,NA,NA,NA,NA,NA,NA,NA,NA,NA,NA,NA,NA,NA,NA,NA,NA,NA,NA,NA,NA,NA,NA,NA,NA,NA,NA,NA,NA,NA,NA,NA,NA,NA,NA,NA,NA,"https://changes-ifr.s3.us-east-2.amazonaws.com/ss2/FISHc/double/a_first/BARAGA_GEORGE_FISHc_0035_1.jpeg","https://changes-ifr.s3.us-east-2.amazonaws.com/ss2/FISHc/double/a_first/BARAGA_GEORGE_FISHc_0035_2.jpeg",NA,"Burbot - 2"
59965341,NA,NA,NA,NA,NA,NA,NA,NA,NA,NA,NA,NA,NA,NA,NA,NA,NA,NA,NA,NA,NA,NA,NA,NA,NA,NA,NA,NA,NA,NA,NA,NA,NA,NA,NA,NA,NA,NA,NA,NA,NA,NA,NA,NA,NA,NA,NA,NA,NA,NA,NA,NA,NA,NA,NA,"https://changes-ifr.s3.us-east-2.amazonaws.com/ss2/FISHc/double/a_first/BARAGA_KNIGHT_FISHc_0003_1.jpeg","https://changes-ifr.s3.us-east-2.amazonaws.com/ss2/FISHc/double/a_first/BARAGA_KNIGHT_FISHc_0003_2.jpeg",NA,"N. Creek Chub - 1"
59965348,NA,NA,NA,NA,NA,NA,NA,NA,NA,NA,NA,NA,NA,NA,NA,NA,NA,NA,NA,NA,NA,NA,NA,NA,NA,NA,NA,NA,NA,NA,NA,NA,NA,NA,NA,NA,NA,NA,NA,NA,NA,NA,NA,NA,NA,NA,NA,NA,NA,NA,NA,NA,NA,NA,NA,"https://changes-ifr.s3.us-east-2.amazonaws.com/ss2/FISHc/double/a_first/BARAGA_MICHIGAMME_FISHc_0009_1.jpeg","https://changes-ifr.s3.us-east-2.amazonaws.com/ss2/FISHc/double/a_first/BARAGA_MICHIGAMME_FISHc_0009_2.jpeg",NA,"Sturgeon Suckers - 2"
59965350,NA,NA,NA,NA,NA,NA,NA,NA,NA,NA,NA,NA,NA,NA,NA,NA,NA,NA,NA,NA,NA,NA,NA,NA,NA,NA,NA,NA,NA,NA,NA,NA,NA,NA,NA,NA,NA,NA,NA,NA,NA,NA,NA,NA,NA,NA,NA,NA,NA,NA,NA,NA,NA,NA,NA,"https://changes-ifr.s3.us-east-2.amazonaws.com/ss2/FISHc/double/a_first/BARAGA_MICHIGAMME_FISHc_0011_1.jpeg","https://changes-ifr.s3.us-east-2.amazonaws.com/ss2/FISHc/double/a_first/BARAGA_MICHIGAMME_FISHc_0011_2.jpeg",NA,"Sturgeon Suckers - 12"
59966008,NA,NA,NA,NA,NA,NA,NA,NA,NA,NA,NA,NA,NA,NA,NA,NA,NA,NA,NA,NA,NA,NA,NA,NA,NA,NA,NA,NA,NA,NA,NA,NA,NA,NA,NA,NA,NA,NA,NA,NA,NA,NA,NA,NA,NA,NA,NA,NA,NA,NA,NA,NA,NA,NA,NA,"https://changes-ifr.s3.us-east-2.amazonaws.com/ss2/FISHc/double/a_first/BENZIE_CRYSTAL_FISHc_0006_1.jpeg","https://changes-ifr.s3.us-east-2.amazonaws.com/ss2/FISHc/double/a_first/BENZIE_CRYSTAL_FISHc_0006_2.jpeg",NA,"Sea Lamprey - 4"
59966010,NA,NA,NA,NA,NA,NA,NA,NA,NA,NA,NA,NA,NA,NA,NA,NA,NA,NA,NA,NA,NA,NA,NA,NA,NA,NA,NA,NA,NA,NA,NA,NA,NA,NA,NA,NA,NA,NA,NA,NA,NA,NA,NA,NA,NA,NA,NA,NA,NA,NA,NA,NA,NA,NA,NA,"https://changes-ifr.s3.us-east-2.amazonaws.com/ss2/FISHc/double/a_first/BENZIE_CRYSTAL_FISHc_0008_1.jpeg","https://changes-ifr.s3.us-east-2.amazonaws.com/ss2/FISHc/double/a_first/BENZIE_CRYSTAL_FISHc_0008_2.jpeg",NA,"N. atherinoides/N. atherinoides acutus - 76,N. N. hudsonius - 1"
59966030,NA,NA,NA,NA,NA,NA,NA,NA,NA,NA,NA,NA,NA,NA,NA,NA,NA,NA,NA,NA,NA,NA,NA,NA,NA,NA,NA,NA,NA,NA,NA,NA,NA,NA,NA,NA,NA,NA,NA,NA,NA,NA,NA,NA,NA,NA,NA,NA,NA,NA,NA,NA,NA,NA,NA,"https://changes-ifr.s3.us-east-2.amazonaws.com/ss2/FISHc/double/a_first/BENZIE_CRYSTAL_FISHc_0026_1.jpeg","https://changes-ifr.s3.us-east-2.amazonaws.com/ss2/FISHc/double/a_first/BENZIE_CRYSTAL_FISHc_0026_2.jpeg",NA,"Lota maculosa - 1"
59966035,NA,NA,NA,NA,NA,NA,NA,NA,NA,NA,NA,NA,NA,NA,NA,NA,NA,NA,NA,NA,NA,NA,NA,NA,NA,NA,NA,NA,NA,NA,NA,NA,NA,NA,NA,NA,NA,NA,NA,NA,NA,NA,NA,NA,NA,NA,NA,NA,NA,NA,NA,NA,NA,NA,NA,"https://changes-ifr.s3.us-east-2.amazonaws.com/ss2/FISHc/double/a_first/BENZIE_CRYSTAL_FISHc_0033_1.jpeg","https://changes-ifr.s3.us-east-2.amazonaws.com/ss2/FISHc/double/a_first/BENZIE_CRYSTAL_FISHc_0033_2.jpeg",NA,"Lake Emerald Shiner - 348"
59966144,NA,NA,NA,NA,NA,NA,NA,NA,NA,NA,NA,NA,NA,NA,NA,NA,NA,NA,NA,NA,NA,NA,NA,NA,NA,NA,NA,NA,NA,NA,NA,NA,NA,NA,NA,NA,NA,NA,NA,NA,NA,NA,NA,NA,NA,NA,NA,NA,NA,NA,NA,NA,NA,NA,NA,"https://changes-ifr.s3.us-east-2.amazonaws.com/ss2/FISHc/double/a_first/BENZIE_ROUND_FISHc_0010_1.jpeg","https://changes-ifr.s3.us-east-2.amazonaws.com/ss2/FISHc/double/a_first/BENZIE_ROUND_FISHc_0010_2.jpeg",NA,"Smelt - 1"
59966836,NA,NA,NA,NA,NA,NA,NA,NA,NA,NA,NA,NA,NA,NA,NA,NA,NA,NA,NA,NA,NA,NA,NA,NA,NA,NA,NA,NA,NA,NA,NA,NA,NA,NA,NA,NA,NA,NA,NA,NA,NA,NA,NA,NA,NA,NA,NA,NA,NA,NA,NA,NA,NA,NA,NA,"https://changes-ifr.s3.us-east-2.amazonaws.com/ss2/FISHc/double/a_first/Leelanau_NoNamePond_FISHc_010.jpg","https://changes-ifr.s3.us-east-2.amazonaws.com/ss2/FISHc/double/a_first/Leelanau_NoNamePond_FISHc_011.jpg",NA,"Creek Chub - 1, Blacknose Dace - 4"
59967543,NA,NA,NA,NA,NA,NA,NA,NA,NA,NA,NA,NA,NA,NA,NA,NA,NA,NA,NA,NA,NA,NA,NA,NA,NA,NA,NA,NA,NA,NA,NA,NA,NA,NA,NA,NA,NA,NA,NA,NA,NA,NA,NA,NA,NA,NA,NA,NA,NA,NA,NA,NA,NA,NA,NA,"https://changes-ifr.s3.us-east-2.amazonaws.com/ss2/FISHc/double/a_first/Mackinac_ManistiqueSouth_FISHc_142.jpg","https://changes-ifr.s3.us-east-2.amazonaws.com/ss2/FISHc/double/a_first/Mackinac_ManistiqueSouth_FISHc_143.jpg",NA,"Silver lampreys - 2"
59967825,NA,NA,NA,NA,NA,NA,NA,NA,NA,NA,NA,NA,NA,NA,NA,NA,NA,NA,NA,NA,NA,NA,NA,NA,NA,NA,NA,NA,NA,NA,NA,NA,NA,NA,NA,NA,NA,NA,NA,NA,NA,NA,NA,NA,NA,NA,NA,NA,NA,NA,NA,NA,NA,NA,NA,"https://changes-ifr.s3.us-east-2.amazonaws.com/ss2/FISHc/double/a_first/Marquette_Cranberry_FISHc_024.jpg","https://changes-ifr.s3.us-east-2.amazonaws.com/ss2/FISHc/double/a_first/Marquette_Cranberry_FISHc_025.jpg",NA,"Sturgeon suckers - 4"
59968147,NA,NA,NA,NA,NA,NA,NA,NA,NA,NA,NA,NA,NA,NA,NA,NA,NA,NA,NA,NA,NA,NA,NA,NA,NA,NA,NA,NA,NA,NA,NA,NA,NA,NA,NA,NA,NA,NA,NA,NA,NA,NA,NA,NA,NA,NA,NA,NA,NA,NA,NA,NA,NA,NA,NA,"https://changes-ifr.s3.us-east-2.amazonaws.com/ss2/FISHc/double/a_first/Marquette_PelesierLittle_FISHc_011.jpg","https://changes-ifr.s3.us-east-2.amazonaws.com/ss2/FISHc/double/a_first/Marquette_PelesierLittle_FISHc_012.jpg",NA,"Lake northern chub - 17"
59968169,NA,NA,NA,NA,NA,NA,NA,NA,NA,NA,NA,NA,NA,NA,NA,NA,NA,NA,NA,NA,NA,NA,NA,NA,NA,NA,NA,NA,NA,NA,NA,NA,NA,NA,NA,NA,NA,NA,NA,NA,NA,NA,NA,NA,NA,NA,NA,NA,NA,NA,NA,NA,NA,NA,NA,"https://changes-ifr.s3.us-east-2.amazonaws.com/ss2/FISHc/double/a_first/Marquette_Peshekee_FISHc_001.jpg","https://changes-ifr.s3.us-east-2.amazonaws.com/ss2/FISHc/double/a_first/Marquette_Peshekee_FISHc_002.jpg",NA,"Whitefish - 19"
59969125,NA,NA,NA,NA,NA,NA,NA,NA,NA,NA,NA,NA,NA,NA,NA,NA,NA,NA,NA,NA,NA,NA,NA,NA,NA,NA,NA,NA,NA,NA,NA,NA,NA,NA,NA,NA,NA,NA,NA,NA,NA,NA,NA,NA,NA,NA,NA,NA,NA,NA,NA,NA,NA,NA,NA,"https://changes-ifr.s3.us-east-2.amazonaws.com/ss2/FISHc/double/a_first/MONTMORENCY_GENEVA_FISHc_0004_1.jpeg","https://changes-ifr.s3.us-east-2.amazonaws.com/ss2/FISHc/double/a_first/MONTMORENCY_GENEVA_FISHc_0004_2.jpeg",NA,"P.seed x Bluegill - 2"
59969165,NA,NA,NA,NA,NA,NA,NA,NA,NA,NA,NA,NA,NA,NA,NA,NA,NA,NA,NA,NA,NA,NA,NA,NA,NA,NA,NA,NA,NA,NA,NA,NA,NA,NA,NA,NA,NA,NA,NA,NA,NA,NA,NA,NA,NA,NA,NA,NA,NA,NA,NA,NA,NA,NA,NA,"https://changes-ifr.s3.us-east-2.amazonaws.com/ss2/FISHc/double/a_first/MONTMORENCY_MCCORMICK_FISHc_0007_1.jpeg","https://changes-ifr.s3.us-east-2.amazonaws.com/ss2/FISHc/double/a_first/MONTMORENCY_MCCORMICK_FISHc_0007_2.jpeg",NA,"Smelt - 1"
61361372,NA,NA,NA,NA,NA,NA,NA,NA,NA,NA,NA,NA,NA,NA,NA,NA,NA,NA,NA,NA,NA,NA,NA,NA,NA,NA,NA,NA,NA,NA,NA,NA,NA,NA,NA,"1",NA,NA,NA,NA,NA,NA,NA,NA,NA,NA,NA,NA,NA,NA,NA,NA,NA,NA,NA,"https://changes-ifr.s3.us-east-2.amazonaws.com/ss3/FISHc/double/WASHTENAW_BARTON_FISHc_0005_1.jpeg","https://changes-ifr.s3.us-east-2.amazonaws.com/ss3/FISHc/double/WASHTENAW_BARTON_FISHc_0005_2.jpeg",NA,"Mullet (Mrubreques) - 1"
61361738,NA,NA,NA,NA,NA,NA,NA,NA,NA,NA,NA,NA,NA,NA,NA,NA,NA,NA,NA,NA,NA,NA,NA,NA,NA,NA,NA,NA,NA,NA,NA,NA,NA,NA,NA,NA,NA,NA,NA,NA,NA,NA,NA,NA,NA,NA,NA,NA,NA,NA,NA,NA,NA,NA,NA,"https://changes-ifr.s3.us-east-2.amazonaws.com/ss3/FISHc/double/WAYNE_SUSTERKA_FISHc_0001_1.jpeg","https://changes-ifr.s3.us-east-2.amazonaws.com/ss3/FISHc/double/WAYNE_SUSTERKA_FISHc_0001_2.jpeg",NA,"Black-nosed dace - 23 N. Creek chub - 34"
82937345,"23",NA,NA,NA,NA,"10",NA,"2",NA,NA,NA,NA,NA,NA,NA,NA,NA,NA,NA,NA,NA,NA,NA,NA,NA,NA,NA,NA,NA,NA,NA,NA,NA,NA,NA,"1",NA,NA,NA,NA,NA,NA,NA,NA,NA,NA,NA,NA,"2",NA,NA,NA,NA,NA,NA,"https://changes-ifr.s3.us-east-2.amazonaws.com/ss6/FISHc/cards/double/ALCONA_HARRISVILLLE_FISHc_0001_1.jpeg","https://changes-ifr.s3.us-east-2.amazonaws.com/ss6/FISHc/cards/double/ALCONA_HARRISVILLLE_FISHc_0001_2.jpeg",NA,"Menona Killifish - 23"
82937346,NA,NA,NA,NA,NA,NA,NA,NA,NA,NA,NA,"4",NA,NA,NA,NA,NA,NA,NA,NA,NA,"3",NA,NA,NA,NA,NA,NA,NA,NA,NA,NA,NA,NA,NA,NA,NA,NA,NA,NA,NA,NA,NA,NA,NA,NA,NA,NA,NA,NA,NA,NA,NA,NA,NA,"https://changes-ifr.s3.us-east-2.amazonaws.com/ss6/FISHc/cards/double/Alger_Irwin_FISHc_20200219115754521_0009.jpg","https://changes-ifr.s3.us-east-2.amazonaws.com/ss6/FISHc/cards/double/Alger_Irwin_FISHc_20200219115754521_0010.jpg",NA,"Splake - 34"
82937351,NA,NA,NA,NA,NA,NA,NA,NA,NA,NA,NA,NA,NA,NA,NA,NA,NA,"2","71",NA,NA,NA,NA,NA,NA,NA,NA,NA,NA,NA,NA,NA,NA,NA,NA,NA,NA,NA,NA,NA,"8",NA,NA,NA,NA,NA,NA,NA,NA,NA,NA,NA,NA,NA,NA,"https://changes-ifr.s3.us-east-2.amazonaws.com/ss6/FISHc/cards/double/Marquette_LittleWhiteGoat_FISHc_20191202102857672_0001.jpg","https://changes-ifr.s3.us-east-2.amazonaws.com/ss6/FISHc/cards/double/Marquette_LittleWhiteGoat_FISHc_20191202102857672_0002.jpg",NA,"Semotilus - 3"
82937353,NA,NA,NA,NA,NA,"21",NA,"44",NA,NA,NA,NA,NA,NA,NA,NA,NA,"9",NA,"3",NA,"29","3","12",NA,NA,NA,NA,NA,NA,NA,NA,NA,NA,NA,NA,NA,NA,NA,NA,"1","77",NA,NA,NA,NA,NA,NA,NA,NA,NA,NA,NA,NA,NA,"https://changes-ifr.s3.us-east-2.amazonaws.com/ss6/FISHc/cards/double/Marquette_LittleWhiteGoat_FISHc_20191202102857672_0005.jpg, https://changes-ifr.s3.us-east-2.amazonaws.com/ss6/FISHc/cards/double/Marquette_LittleWhiteGoat_FISHc_20191202102857672_0005.jpg","https://changes-ifr.s3.us-east-2.amazonaws.com/ss6/FISHc/cards/double/Marquette_LittleWhiteGoat_FISHc_20191202102857672_0006.jpg",NA,"Apomotis x Eupomotis - 3, Semotilus - 7"
82937359,NA,NA,NA,NA,NA,"15",NA,NA,NA,NA,NA,NA,NA,NA,NA,NA,NA,"1",NA,NA,NA,NA,NA,"8",NA,NA,NA,NA,NA,NA,NA,NA,NA,NA,NA,NA,NA,NA,NA,NA,"7",NA,NA,NA,NA,NA,NA,NA,NA,NA,NA,NA,NA,NA,NA,"https://changes-ifr.s3.us-east-2.amazonaws.com/ss6/FISHc/cards/double/Marquette_Wolf_52-1356_1950_FISHc_006_01.jpg","https://changes-ifr.s3.us-east-2.amazonaws.com/ss6/FISHc/cards/double/Marquette_Wolf_52-1356_1950_FISHc_006_02.jpg",NA,"Creek chub - 7"
82937362,NA,NA,NA,NA,NA,NA,NA,NA,NA,NA,NA,NA,NA,"1",NA,NA,NA,"7","130",NA,NA,NA,"9",NA,NA,NA,NA,NA,NA,NA,NA,NA,NA,NA,NA,NA,NA,NA,NA,NA,"7",NA,NA,NA,NA,NA,NA,NA,NA,NA,NA,NA,NA,NA,NA,"https://changes-ifr.s3.us-east-2.amazonaws.com/ss6/FISHc/cards/double/Marquette_Wolf_52-1356_1957_FISHc_001_01.jpg","https://changes-ifr.s3.us-east-2.amazonaws.com/ss6/FISHc/cards/double/Marquette_Wolf_52-1356_1957_FISHc_001_02.jpg",NA,"Northern Creek chubs - 3"
82937363,NA,NA,NA,NA,NA,NA,NA,NA,NA,NA,NA,"3",NA,NA,NA,NA,NA,"82",NA,NA,NA,"7",NA,NA,NA,NA,NA,NA,NA,NA,NA,NA,NA,NA,NA,NA,NA,NA,NA,NA,"9",NA,NA,NA,NA,NA,NA,NA,NA,NA,NA,NA,NA,NA,NA,"https://changes-ifr.s3.us-east-2.amazonaws.com/ss6/FISHc/cards/double/Marquette_Wolf_52-1356_1951_FISHc_001_01.jpg","https://changes-ifr.s3.us-east-2.amazonaws.com/ss6/FISHc/cards/double/Marquette_Wolf_52-1356_1951_FISHc_001_02.jpg",NA,"N. Creek Chub - 1"
82937364,NA,NA,NA,NA,NA,NA,NA,NA,NA,NA,NA,NA,NA,"8",NA,NA,NA,"3","55",NA,NA,NA,"11",NA,NA,NA,NA,NA,NA,NA,NA,NA,NA,NA,NA,NA,NA,NA,NA,NA,"4",NA,"4",NA,NA,NA,NA,NA,NA,NA,NA,NA,NA,NA,NA,"https://changes-ifr.s3.us-east-2.amazonaws.com/ss6/FISHc/cards/double/Marquette_Wolf_52-1356_1959_FISHc_001_01.jpg","https://changes-ifr.s3.us-east-2.amazonaws.com/ss6/FISHc/cards/double/Marquette_Wolf_52-1356_1959_FISHc_001_02.jpg",NA,"N. Creek Chub - 2"
82937367,NA,NA,NA,NA,NA,NA,NA,NA,NA,NA,NA,NA,NA,"3",NA,NA,NA,NA,"79",NA,NA,"11",NA,NA,NA,NA,NA,NA,NA,NA,NA,NA,NA,NA,NA,NA,NA,NA,NA,NA,NA,NA,"5",NA,NA,NA,NA,NA,NA,NA,NA,NA,NA,NA,NA,"https://changes-ifr.s3.us-east-2.amazonaws.com/ss6/FISHc/cards/double/Marquette_Wolf_52-1356_1967_FISHc_001_01.jpg","https://changes-ifr.s3.us-east-2.amazonaws.com/ss6/FISHc/cards/double/Marquette_Wolf_52-1356_1967_FISHc_001_02.jpg",NA,"Creek Chubs - 7"
82937368,NA,NA,NA,NA,NA,NA,NA,NA,NA,NA,NA,"3",NA,"11",NA,NA,NA,NA,"63",NA,NA,"11",NA,NA,NA,NA,NA,NA,NA,NA,NA,NA,NA,NA,NA,NA,NA,NA,NA,NA,NA,NA,"4",NA,NA,NA,NA,NA,NA,NA,NA,NA,NA,NA,NA,"https://changes-ifr.s3.us-east-2.amazonaws.com/ss6/FISHc/cards/double/Marquette_Wolf_52-1356_1968_FISHc_001_01.jpg","https://changes-ifr.s3.us-east-2.amazonaws.com/ss6/FISHc/cards/double/Marquette_Wolf_52-1356_1968_FISHc_001_02.jpg",NA,"Chubs - 8"
82937371,NA,NA,NA,NA,NA,NA,"43",NA,NA,NA,NA,NA,NA,NA,NA,NA,NA,NA,NA,NA,NA,NA,NA,"8",NA,NA,NA,"302",NA,NA,NA,NA,NA,NA,NA,NA,NA,NA,NA,NA,"16","10",NA,"102",NA,NA,NA,NA,NA,NA,NA,NA,NA,NA,"5","https://changes-ifr.s3.us-east-2.amazonaws.com/ss6/FISHc/cards/double/OGEMAW_HENDERSON_ FISHc_0010_1.jpeg","https://changes-ifr.s3.us-east-2.amazonaws.com/ss6/FISHc/cards/double/OGEMAW_HENDERSON_FISHc_0010_2.jpeg",NA,"Semotilus atromaculatus psd. -1 1"
82937376,NA,NA,"117",NA,"275",NA,NA,NA,NA,NA,NA,NA,NA,NA,"1",NA,NA,NA,"118",NA,NA,"5",NA,NA,NA,NA,NA,"8",NA,NA,NA,NA,NA,NA,NA,NA,NA,"5",NA,NA,"2","1127",NA,"1",NA,NA,NA,NA,NA,NA,NA,NA,"1",NA,NA,"https://changes-ifr.s3.us-east-2.amazonaws.com/ss6/FISHc/cards/double/WAYNE_NEWBURG_FISHc_0001_1.jpeg","https://changes-ifr.s3.us-east-2.amazonaws.com/ss6/FISHc/cards/double/WAYNE_NEWBURG_FISHc_0001_2.jpeg",NA,"Goldfish - 18"
82937385,NA,NA,NA,NA,"50",NA,"11",NA,"1",NA,NA,NA,NA,NA,"11",NA,NA,NA,"5",NA,NA,NA,NA,NA,NA,NA,NA,NA,NA,NA,NA,NA,NA,NA,NA,"5",NA,NA,NA,NA,"1","16",NA,NA,NA,NA,NA,NA,NA,NA,NA,NA,NA,NA,NA,"https://changes-ifr.s3.us-east-2.amazonaws.com/ss6/FISHc/cards/double/Ottawa_Lloyds_FISHc_010.jpeg, https://changes-ifr.s3.us-east-2.amazonaws.com/ss6/FISHc/cards/double/Ottawa_Lloyds_FISHc_010.jpeg, https://changes-ifr.s3.us-east-2.amazonaws.com/ss6/FISHc/cards/double/Ottawa_Lloyds_FISHc_010.jpeg, https://changes-ifr.s3.us-east-2.amazonaws.com/ss6/FISHc/cards/double/Ottawa_Lloyds_FISHc_010.jpeg","https://changes-ifr.s3.us-east-2.amazonaws.com/ss6/FISHc/cards/double/Ottawa_Lloyds_FISHc_009.jpeg",NA,"channel catfish - 31, 31,white crappie - 1, quillback carp sucker - 1, 1,spotted sucker - 3, 3,sheephead - 2, gizard shad - 76, alewife - 82"
82937386,NA,NA,"1",NA,"7",NA,"1",NA,NA,NA,NA,NA,NA,"7","3",NA,NA,NA,"10",NA,NA,"1",NA,NA,NA,NA,NA,NA,NA,NA,NA,"1",NA,NA,NA,"4",NA,"2",NA,NA,"48","3",NA,NA,NA,NA,NA,"1",NA,NA,NA,"21",NA,NA,NA,"https://changes-ifr.s3.us-east-2.amazonaws.com/ss6/FISHc/cards/double/Ottawa_Macatawa_FISHc_068.jpeg, https://changes-ifr.s3.us-east-2.amazonaws.com/ss6/FISHc/cards/double/Ottawa_Macatawa_FISHc_068.jpeg, https://changes-ifr.s3.us-east-2.amazonaws.com/ss6/FISHc/cards/double/Ottawa_Macatawa_FISHc_068.jpeg, https://changes-ifr.s3.us-east-2.amazonaws.com/ss6/FISHc/cards/double/Ottawa_Macatawa_FISHc_068.jpeg","https://changes-ifr.s3.us-east-2.amazonaws.com/ss6/FISHc/cards/double/Ottawa_Macatawa_FISHc_067.jpeg",NA,"chinook - 1, channel catfish - 12, quillbackÂ carpsuckerÂ -Â 1, gizzard shad - 23, alewives - 14, Goldfish - 2"
82937387,NA,NA,NA,NA,NA,NA,NA,NA,NA,"7",NA,NA,NA,NA,"3",NA,NA,NA,NA,NA,NA,NA,NA,NA,NA,NA,NA,NA,NA,NA,NA,NA,NA,NA,NA,NA,NA,NA,NA,NA,NA,NA,NA,NA,NA,NA,NA,NA,NA,NA,NA,"1",NA,NA,NA,"https://changes-ifr.s3.us-east-2.amazonaws.com/ss6/FISHc/cards/double/Ottawa_Macatawa_FISHc_070.jpeg","https://changes-ifr.s3.us-east-2.amazonaws.com/ss6/FISHc/cards/double/Ottawa_Macatawa_FISHc_069.jpeg",NA,"gizzard shad - 1"
82937388,NA,NA,"9",NA,"7",NA,"3",NA,NA,NA,NA,NA,"1","36","3",NA,NA,NA,"19",NA,NA,NA,NA,NA,NA,NA,NA,NA,NA,NA,NA,"1",NA,NA,NA,"2",NA,"4",NA,NA,"9","3",NA,NA,NA,NA,NA,NA,NA,NA,NA,"2",NA,NA,NA,"https://changes-ifr.s3.us-east-2.amazonaws.com/ss6/FISHc/cards/double/Ottawa_Macatawa_FISHc_074.jpeg, https://changes-ifr.s3.us-east-2.amazonaws.com/ss6/FISHc/cards/double/Ottawa_Macatawa_FISHc_074.jpeg, https://changes-ifr.s3.us-east-2.amazonaws.com/ss6/FISHc/cards/double/Ottawa_Macatawa_FISHc_074.jpeg, https://changes-ifr.s3.us-east-2.amazonaws.com/ss6/FISHc/cards/double/Ottawa_Macatawa_FISHc_074.jpeg","https://changes-ifr.s3.us-east-2.amazonaws.com/ss6/FISHc/cards/double/Ottawa_Macatawa_FISHc_073.jpeg",NA,"white crappie - 2, 2,channel catfish - 11, Sheepshead - 7, Quillback carpsucker - 16, gizzard shad - 378, Goldfish - 2"
82937390,NA,NA,NA,NA,NA,NA,NA,NA,NA,NA,NA,NA,NA,"4","2",NA,NA,NA,"2",NA,NA,NA,NA,NA,NA,NA,NA,NA,NA,NA,NA,NA,NA,NA,NA,NA,"1","1",NA,NA,NA,NA,NA,NA,NA,NA,NA,NA,NA,NA,NA,"3",NA,NA,NA,"https://changes-ifr.s3.us-east-2.amazonaws.com/ss6/FISHc/cards/double/Ottawa_Macatawa_FISHc_080.jpeg","https://changes-ifr.s3.us-east-2.amazonaws.com/ss6/FISHc/cards/double/Ottawa_Macatawa_FISHc_079.jpeg",NA,"Smelt - 1"
82937391,NA,NA,NA,NA,NA,NA,NA,NA,NA,"2",NA,NA,NA,"3",NA,NA,NA,"1","1",NA,NA,NA,NA,NA,NA,NA,NA,NA,NA,NA,NA,NA,NA,NA,NA,NA,NA,NA,NA,NA,"2",NA,NA,NA,NA,NA,NA,NA,NA,NA,NA,"3",NA,NA,NA,"https://changes-ifr.s3.us-east-2.amazonaws.com/ss6/FISHc/cards/double/Ottawa_Macatawa_FISHc_082.jpeg, https://changes-ifr.s3.us-east-2.amazonaws.com/ss6/FISHc/cards/double/Ottawa_Macatawa_FISHc_082.jpeg","https://changes-ifr.s3.us-east-2.amazonaws.com/ss6/FISHc/cards/double/Ottawa_Macatawa_FISHc_081.jpeg",NA,"gizzard shad - 2, goldfish - 3"
82937393,NA,NA,NA,NA,NA,NA,NA,NA,NA,NA,NA,NA,NA,NA,"3",NA,NA,NA,"4",NA,NA,NA,NA,NA,NA,NA,NA,NA,NA,NA,NA,NA,NA,NA,NA,NA,NA,NA,NA,NA,NA,NA,NA,NA,NA,NA,NA,NA,NA,NA,NA,"1",NA,NA,NA,"https://changes-ifr.s3.us-east-2.amazonaws.com/ss6/FISHc/cards/double/Ottawa_Macatawa_FISHc_086.jpeg, https://changes-ifr.s3.us-east-2.amazonaws.com/ss6/FISHc/cards/double/Ottawa_Macatawa_FISHc_086.jpeg","https://changes-ifr.s3.us-east-2.amazonaws.com/ss6/FISHc/cards/double/Ottawa_Macatawa_FISHc_085.jpeg",NA,"freshwater water drum - 3, gizzard shad - 2"
82937394,NA,NA,NA,NA,NA,NA,NA,NA,NA,NA,NA,NA,NA,NA,NA,NA,NA,NA,NA,NA,NA,NA,NA,NA,NA,NA,NA,NA,NA,NA,NA,NA,NA,NA,NA,NA,"1","1",NA,NA,NA,NA,NA,NA,NA,NA,NA,NA,NA,NA,NA,"9",NA,NA,NA,"https://changes-ifr.s3.us-east-2.amazonaws.com/ss6/FISHc/cards/double/Ottawa_Macatawa_FISHc_088.jpeg","https://changes-ifr.s3.us-east-2.amazonaws.com/ss6/FISHc/cards/double/Ottawa_Macatawa_FISHc_087.jpeg",NA,"northern musky - 1"
82937395,NA,NA,NA,NA,NA,NA,NA,NA,NA,NA,NA,NA,NA,NA,"7",NA,NA,NA,"1",NA,NA,NA,NA,NA,NA,NA,NA,"8",NA,NA,NA,NA,NA,NA,NA,NA,"1",NA,NA,NA,NA,NA,NA,NA,NA,NA,NA,NA,NA,NA,NA,"15",NA,NA,NA,"https://changes-ifr.s3.us-east-2.amazonaws.com/ss6/FISHc/cards/double/Ottawa_Macatawa_FISHc_090.jpeg","https://changes-ifr.s3.us-east-2.amazonaws.com/ss6/FISHc/cards/double/Ottawa_Macatawa_FISHc_089.jpeg",NA,"Goldfish - 4"
82937396,NA,NA,NA,NA,NA,NA,NA,NA,"1",NA,NA,NA,NA,NA,"1",NA,NA,NA,"4",NA,NA,NA,NA,NA,NA,NA,NA,"1",NA,NA,NA,NA,NA,NA,NA,NA,NA,NA,NA,NA,"1",NA,NA,NA,NA,NA,NA,NA,NA,NA,NA,"2",NA,NA,NA,"https://changes-ifr.s3.us-east-2.amazonaws.com/ss6/FISHc/cards/double/Ottawa_Macatawa_FISHc_092.jpeg","https://changes-ifr.s3.us-east-2.amazonaws.com/ss6/FISHc/cards/double/Ottawa_Macatawa_FISHc_091.jpeg",NA,"goldfish - 1"
82937399,NA,NA,NA,NA,NA,NA,NA,NA,NA,NA,NA,NA,NA,NA,"7",NA,NA,NA,NA,NA,NA,NA,NA,NA,NA,NA,NA,NA,NA,NA,NA,NA,NA,NA,NA,NA,NA,"2",NA,NA,"1","4",NA,NA,NA,NA,NA,NA,NA,NA,NA,NA,NA,NA,NA,"https://changes-ifr.s3.us-east-2.amazonaws.com/ss6/FISHc/cards/double/Ottawa_Macatawa_FISHc_102.jpeg","https://changes-ifr.s3.us-east-2.amazonaws.com/ss6/FISHc/cards/double/Ottawa_Macatawa_FISHc_101.jpeg",NA,"Gizzard Shad - 3"
82937400,NA,NA,"1",NA,NA,NA,NA,NA,NA,NA,NA,NA,NA,NA,"7",NA,NA,NA,NA,NA,NA,NA,NA,NA,NA,NA,NA,NA,NA,NA,NA,NA,NA,NA,NA,NA,NA,NA,NA,NA,NA,NA,NA,NA,NA,NA,NA,NA,NA,NA,NA,NA,NA,NA,NA,"https://changes-ifr.s3.us-east-2.amazonaws.com/ss6/FISHc/cards/double/Ottawa_Macatawa_FISHc_104.jpeg, https://changes-ifr.s3.us-east-2.amazonaws.com/ss6/FISHc/cards/double/Ottawa_Macatawa_FISHc_104.jpeg","https://changes-ifr.s3.us-east-2.amazonaws.com/ss6/FISHc/cards/double/Ottawa_Macatawa_FISHc_103.jpeg",NA,"Goldfish - 4, gizzardÂ shadÂ -Â 9"
82937401,NA,NA,"1",NA,"30",NA,"21",NA,"6",NA,NA,NA,"29","244","89",NA,NA,NA,"80",NA,NA,"1",NA,NA,NA,NA,"1","3",NA,NA,NA,NA,NA,NA,NA,"17","3","23",NA,NA,"107","9","12",NA,NA,NA,NA,"6",NA,NA,NA,"34",NA,NA,"2","https://changes-ifr.s3.us-east-2.amazonaws.com/ss6/FISHc/cards/double/Ottawa_Macatawa_FISHc_106.jpeg, https://changes-ifr.s3.us-east-2.amazonaws.com/ss6/FISHc/cards/double/Ottawa_Macatawa_FISHc_106.jpeg, https://changes-ifr.s3.us-east-2.amazonaws.com/ss6/FISHc/cards/double/Ottawa_Macatawa_FISHc_106.jpeg, https://changes-ifr.s3.us-east-2.amazonaws.com/ss6/FISHc/cards/double/Ottawa_Macatawa_FISHc_106.jpeg","https://changes-ifr.s3.us-east-2.amazonaws.com/ss6/FISHc/cards/double/Ottawa_Macatawa_FISHc_105.jpeg",NA,"white catfish - 19, white crappie - 2,channel white bass - -1, tiger musky - 1, chinook salmon - 2, gold fish - -3, spotted sucker - 1, sheephead - 4, quillback carp suckers - 13, gizzard shad - 2682, (carp goldfish) - 23,burbot carp goldfish - 1, alewives - 17"
82937402,NA,NA,NA,NA,NA,NA,NA,NA,NA,NA,NA,NA,NA,"5",NA,NA,NA,NA,NA,NA,NA,NA,NA,NA,NA,NA,NA,NA,NA,NA,NA,NA,NA,NA,NA,NA,NA,NA,NA,NA,NA,NA,NA,NA,NA,NA,NA,NA,NA,NA,NA,NA,NA,NA,NA,"https://changes-ifr.s3.us-east-2.amazonaws.com/ss6/FISHc/cards/double/Ottawa_Macatawa_FISHc_108.jpeg","https://changes-ifr.s3.us-east-2.amazonaws.com/ss6/FISHc/cards/double/Ottawa_Macatawa_FISHc_107.jpeg",NA,"gizzard shad - 12,12,12"
82937403,NA,NA,"7",NA,"6",NA,NA,NA,"4",NA,NA,NA,"20","8","2",NA,NA,NA,"9",NA,NA,NA,NA,NA,NA,NA,NA,NA,NA,NA,NA,NA,NA,NA,NA,"3",NA,"4",NA,NA,"6","1",NA,NA,NA,NA,NA,NA,NA,NA,NA,"3",NA,NA,"1","https://changes-ifr.s3.us-east-2.amazonaws.com/ss6/FISHc/cards/double/Ottawa_Macatawa_FISHc_110.jpeg, https://changes-ifr.s3.us-east-2.amazonaws.com/ss6/FISHc/cards/double/Ottawa_Macatawa_FISHc_110.jpeg, https://changes-ifr.s3.us-east-2.amazonaws.com/ss6/FISHc/cards/double/Ottawa_Macatawa_FISHc_110.jpeg, https://changes-ifr.s3.us-east-2.amazonaws.com/ss6/FISHc/cards/double/Ottawa_Macatawa_FISHc_110.jpeg","https://changes-ifr.s3.us-east-2.amazonaws.com/ss6/FISHc/cards/double/Ottawa_Macatawa_FISHc_109.jpeg",NA,"channel catfish - 3, white crappie - 1, spotted sucker - 1, sheephead - 2, gizzard shad - 807, alewife - 1, hybrid (goldfish carp) - 6"
82937404,NA,NA,NA,NA,"4",NA,"4",NA,NA,NA,NA,NA,"1","4","5",NA,NA,NA,"10",NA,NA,NA,NA,NA,NA,NA,NA,NA,NA,NA,NA,NA,NA,NA,NA,"6",NA,"2",NA,NA,"14","1",NA,NA,NA,NA,NA,NA,NA,NA,NA,"3",NA,NA,NA,"https://changes-ifr.s3.us-east-2.amazonaws.com/ss6/FISHc/cards/double/Ottawa_Macatawa_FISHc_112.jpeg, https://changes-ifr.s3.us-east-2.amazonaws.com/ss6/FISHc/cards/double/Ottawa_Macatawa_FISHc_112.jpeg, https://changes-ifr.s3.us-east-2.amazonaws.com/ss6/FISHc/cards/double/Ottawa_Macatawa_FISHc_112.jpeg","https://changes-ifr.s3.us-east-2.amazonaws.com/ss6/FISHc/cards/double/Ottawa_Macatawa_FISHc_111.jpeg",NA,"white crappie - 1, 1,catfish - 1, goldfish - 1, 1,sheephead - 1, quillback carp sucker - 4, gizard shad - 7"
82937405,NA,NA,NA,NA,"1",NA,"2",NA,NA,NA,NA,NA,"5","8","21",NA,NA,NA,"14",NA,NA,NA,NA,NA,NA,NA,NA,NA,NA,NA,NA,NA,NA,NA,NA,NA,"1","2",NA,NA,NA,"6","2",NA,NA,NA,NA,"2",NA,NA,NA,"5",NA,NA,"26","https://changes-ifr.s3.us-east-2.amazonaws.com/ss6/FISHc/cards/double/Ottawa_Macatawa_FISHc_114.jpeg, https://changes-ifr.s3.us-east-2.amazonaws.com/ss6/FISHc/cards/double/Ottawa_Macatawa_FISHc_114.jpeg, https://changes-ifr.s3.us-east-2.amazonaws.com/ss6/FISHc/cards/double/Ottawa_Macatawa_FISHc_114.jpeg, https://changes-ifr.s3.us-east-2.amazonaws.com/ss6/FISHc/cards/double/Ottawa_Macatawa_FISHc_114.jpeg","https://changes-ifr.s3.us-east-2.amazonaws.com/ss6/FISHc/cards/double/Ottawa_Macatawa_FISHc_113.jpeg",NA,"white bass - 2, - 2,burbot - 1, channel catfish - 7, 7,quillback carp sucker - 4, gizard shad - 2277, alewife - 9"
82937406,NA,NA,NA,NA,"1",NA,NA,NA,NA,NA,NA,NA,"1","28","2",NA,NA,NA,"29",NA,NA,NA,NA,NA,NA,NA,NA,"1",NA,NA,NA,NA,NA,NA,NA,NA,NA,NA,NA,NA,"40",NA,"4",NA,NA,NA,NA,NA,NA,NA,NA,"3",NA,NA,"1","https://changes-ifr.s3.us-east-2.amazonaws.com/ss6/FISHc/cards/double/Ottawa_Macatawa_FISHc_116.jpeg, https://changes-ifr.s3.us-east-2.amazonaws.com/ss6/FISHc/cards/double/Ottawa_Macatawa_FISHc_116.jpeg, https://changes-ifr.s3.us-east-2.amazonaws.com/ss6/FISHc/cards/double/Ottawa_Macatawa_FISHc_116.jpeg, https://changes-ifr.s3.us-east-2.amazonaws.com/ss6/FISHc/cards/double/Ottawa_Macatawa_FISHc_116.jpeg","https://changes-ifr.s3.us-east-2.amazonaws.com/ss6/FISHc/cards/double/Ottawa_Macatawa_FISHc_115.jpeg",NA,"channel catfish - 5, quillback carpsucker - 1, gizard shad - 215, alewife - 3"
82937407,NA,NA,NA,NA,NA,NA,NA,NA,NA,NA,NA,NA,NA,NA,"1",NA,NA,NA,NA,NA,NA,NA,NA,NA,NA,NA,NA,"3",NA,NA,NA,NA,NA,NA,NA,NA,NA,NA,NA,NA,"1",NA,NA,NA,NA,NA,NA,NA,NA,NA,NA,"1",NA,NA,NA,"https://changes-ifr.s3.us-east-2.amazonaws.com/ss6/FISHc/cards/double/Ottawa_Macatawa_FISHc_118.jpeg","https://changes-ifr.s3.us-east-2.amazonaws.com/ss6/FISHc/cards/double/Ottawa_Macatawa_FISHc_117.jpeg",NA,"gizzard shad - 140"
82937408,NA,NA,NA,NA,"1",NA,NA,NA,NA,NA,NA,NA,NA,"187",NA,NA,NA,NA,"4",NA,NA,NA,NA,NA,NA,NA,"1",NA,NA,NA,NA,"1",NA,NA,NA,"4",NA,"3",NA,NA,"21","1",NA,NA,NA,NA,NA,NA,NA,NA,NA,"1",NA,NA,NA,"https://changes-ifr.s3.us-east-2.amazonaws.com/ss6/FISHc/cards/double/Ottawa_Macatawa_FISHc_120.jpeg, https://changes-ifr.s3.us-east-2.amazonaws.com/ss6/FISHc/cards/double/Ottawa_Macatawa_FISHc_120.jpeg, https://changes-ifr.s3.us-east-2.amazonaws.com/ss6/FISHc/cards/double/Ottawa_Macatawa_FISHc_120.jpeg, https://changes-ifr.s3.us-east-2.amazonaws.com/ss6/FISHc/cards/double/Ottawa_Macatawa_FISHc_120.jpeg","https://changes-ifr.s3.us-east-2.amazonaws.com/ss6/FISHc/cards/double/Ottawa_Macatawa_FISHc_119.jpeg",NA,"Steelhead - 3, 3,chinook salmon - 2, 2,tiger muskie - 1, sheephesd - 1, gizard shad - 1, alewife - 5"
82937409,NA,NA,NA,NA,NA,NA,"1",NA,NA,NA,NA,NA,NA,NA,"6",NA,NA,NA,NA,NA,NA,"1",NA,NA,NA,NA,NA,NA,NA,NA,NA,NA,NA,NA,NA,NA,NA,"1",NA,NA,NA,NA,NA,NA,NA,NA,NA,NA,NA,NA,NA,"1",NA,NA,NA,"https://changes-ifr.s3.us-east-2.amazonaws.com/ss6/FISHc/cards/double/Ottawa_Macatawa_FISHc_122.jpeg, https://changes-ifr.s3.us-east-2.amazonaws.com/ss6/FISHc/cards/double/Ottawa_Macatawa_FISHc_122.jpeg","https://changes-ifr.s3.us-east-2.amazonaws.com/ss6/FISHc/cards/double/Ottawa_Macatawa_FISHc_121.jpeg",NA,"190 - gizzard shad - 190, quillback carpsucker - 1, goldfish - 1"
82937410,NA,NA,NA,NA,"17",NA,"15",NA,"2",NA,NA,NA,"2","9","49",NA,NA,NA,"14",NA,NA,"1",NA,NA,NA,NA,NA,"2",NA,NA,NA,NA,NA,NA,NA,"4",NA,"12",NA,NA,NA,NA,NA,NA,NA,NA,NA,"4",NA,NA,NA,"19",NA,NA,NA,"https://changes-ifr.s3.us-east-2.amazonaws.com/ss6/FISHc/cards/double/Ottawa_Macatawa_FISHc_124.jpeg, https://changes-ifr.s3.us-east-2.amazonaws.com/ss6/FISHc/cards/double/Ottawa_Macatawa_FISHc_124.jpeg, https://changes-ifr.s3.us-east-2.amazonaws.com/ss6/FISHc/cards/double/Ottawa_Macatawa_FISHc_124.jpeg, https://changes-ifr.s3.us-east-2.amazonaws.com/ss6/FISHc/cards/double/Ottawa_Macatawa_FISHc_124.jpeg","https://changes-ifr.s3.us-east-2.amazonaws.com/ss6/FISHc/cards/double/Ottawa_Macatawa_FISHc_123.jpeg",NA,"steelhead - 3, 3,channel catfish - 3, goldfish - 2, 2,quillback carp sucker - 4, gizard shad - 182, hybrid carp - 17"
82937411,NA,NA,NA,NA,NA,NA,NA,NA,NA,"2",NA,NA,NA,NA,"7",NA,NA,NA,"1",NA,NA,NA,NA,NA,NA,NA,NA,NA,NA,NA,"1",NA,NA,NA,NA,NA,NA,"1",NA,NA,"1",NA,NA,NA,NA,NA,NA,NA,NA,NA,NA,NA,NA,NA,NA,"https://changes-ifr.s3.us-east-2.amazonaws.com/ss6/FISHc/cards/double/Ottawa_Macatawa_FISHc_126.jpeg","https://changes-ifr.s3.us-east-2.amazonaws.com/ss6/FISHc/cards/double/Ottawa_Macatawa_FISHc_125.jpeg",NA,"gizzard shad - 6"
82937413,NA,NA,NA,NA,"2",NA,NA,NA,NA,NA,NA,NA,NA,"34","4",NA,NA,NA,"6",NA,NA,NA,NA,NA,NA,NA,"1",NA,NA,NA,NA,NA,NA,NA,NA,NA,NA,"1",NA,NA,"19","1","3",NA,NA,NA,NA,NA,NA,NA,NA,"5",NA,NA,NA,"https://changes-ifr.s3.us-east-2.amazonaws.com/ss6/FISHc/cards/double/Ottawa_Macatawa_FISHc_160.jpeg","https://changes-ifr.s3.us-east-2.amazonaws.com/ss6/FISHc/cards/double/Ottawa_Macatawa_FISHc_159.jpeg",NA,"Black crappie - 2, Channel catfish - 1, Sheepshead - 3, Gizzard shad - 13, Alewife - 1"
82937414,NA,NA,"1",NA,NA,NA,NA,NA,NA,NA,NA,NA,NA,"11","5",NA,NA,NA,"7",NA,NA,NA,NA,NA,NA,NA,NA,NA,NA,NA,NA,NA,NA,NA,NA,NA,NA,NA,NA,NA,"2",NA,NA,NA,NA,NA,NA,NA,NA,NA,NA,"2",NA,NA,NA,"https://changes-ifr.s3.us-east-2.amazonaws.com/ss6/FISHc/cards/double/Ottawa_Macatawa_FISHc_162.jpeg","https://changes-ifr.s3.us-east-2.amazonaws.com/ss6/FISHc/cards/double/Ottawa_Macatawa_FISHc_161.jpeg",NA,"Burbot - 1, 1,Channel catfish - 1, Gizzard shad - 39"
82937415,NA,NA,"3",NA,"18",NA,"11",NA,NA,NA,NA,NA,"2",NA,"13",NA,NA,NA,"17",NA,NA,NA,NA,NA,NA,NA,NA,"1",NA,NA,NA,NA,NA,NA,NA,NA,NA,"2",NA,NA,"1",NA,NA,NA,NA,NA,NA,NA,NA,NA,NA,"5",NA,NA,NA,"https://changes-ifr.s3.us-east-2.amazonaws.com/ss6/FISHc/cards/double/Ottawa_Macatawa_FISHc_164.jpeg","https://changes-ifr.s3.us-east-2.amazonaws.com/ss6/FISHc/cards/double/Ottawa_Macatawa_FISHc_163.jpeg",NA,"Coho salmon - 1, 1,Channel catfish - 9, Spotted sucker - 1, Gizzard shad - 20, Quillback carpsucker - 2"
82937416,NA,NA,"6",NA,"7",NA,"2",NA,NA,NA,NA,NA,NA,"13","24",NA,NA,"30",NA,NA,NA,"1",NA,NA,NA,NA,NA,NA,NA,NA,NA,NA,NA,NA,NA,NA,NA,"3",NA,NA,"2",NA,"19",NA,NA,NA,NA,"1",NA,NA,NA,"11",NA,NA,NA,"https://changes-ifr.s3.us-east-2.amazonaws.com/ss6/FISHc/cards/double/Ottawa_Macatawa_FISHc_166.jpeg","https://changes-ifr.s3.us-east-2.amazonaws.com/ss6/FISHc/cards/double/Ottawa_Macatawa_FISHc_165.jpeg",NA,"Channel catfish - 60, 60,White bass - 1, Sheephead - 2, 2,Goldfish - 1, Gizzard shad - 132, Quillback carpsucker - 10"
NA,NA,NA,NA,NA,NA,NA,"",NA,NA,NA,NA,NA,NA,NA,NA,NA,NA,NA,NA,NA,NA,NA,NA,NA,NA,NA,NA,NA,NA,NA,NA,NA,NA,NA,NA,NA,NA,NA,NA,NA,NA,NA,NA,NA,NA,NA,NA,NA,NA,NA,NA,NA,NA,NA,NA,"","",NA,""
