_ - id,_ - name,_ - section,_ - user_id,_ - created_at,_ - comment_id,_ - project_id,_ - user_login,subject_id,_ - taggable_type
2701349,no-year-given,project-9462,2117961,2021-03-16T19:48:32.967Z,3094219,9462,BitterLittleWoman,58748687,Subject
2701953,collector,project-9462,1548,2021-03-16T22:31:30.499Z,3094824,9462,tinkapuppy,58733429,Subject
2702437,section,project-9462,1548,2021-03-17T01:56:57.452Z,3095288,9462,tinkapuppy,58687431,Subject
2704264,question,project-9462,1364943,2021-03-17T16:43:44.746Z,3097126,9462,Chris868,58754919,Subject
2705434,section,project-9462,2127908,2021-03-18T00:02:10.918Z,3098220,9462,alwaysmilin,58752463,Subject
2705592,date_range,project-9462,1548,2021-03-18T02:22:39.452Z,3098359,9462,tinkapuppy,58687610,Subject
2706242,year,project-9462,2017299,2021-03-18T12:41:41.467Z,3099117,9462,brookerjarvis,58755196,Subject
2707926,section,project-9462,1548,2021-03-18T23:48:23.972Z,3100905,9462,tinkapuppy,58751141,Subject
2707934,range,project-9462,1548,2021-03-18T23:49:58.351Z,3100908,9462,tinkapuppy,58750373,Subject
2708832,age-group,project-9462,647387,2021-03-19T10:53:56.763Z,3101722,9462,Haberley,58746210,Subject
2712467,mistake,project-9462,1840400,2021-03-20T17:17:36.667Z,3105013,9462,aalkuipers,58754930,Subject
2713273,cutoff,project-9462,318883,2021-03-20T22:31:41.841Z,3105709,9462,ThatKarenB,58752680,Subject
2716243,year,project-9462,1548,2021-03-22T01:16:57.154Z,3108279,9462,tinkapuppy,58753432,Subject
2718957,section,project-9462,1548,2021-03-23T02:34:36.927Z,3110854,9462,tinkapuppy,58749210,Subject
2719582,diagram,project-9462,1325481,2021-03-23T12:54:47.020Z,3111522,9462,toby_dog,58751928,Subject
2725327,blank,project-9462,1325481,2021-03-25T12:16:40.188Z,3117302,9462,toby_dog,58642873,Subject
2725641,skewed,project-9462,1769372,2021-03-25T15:26:49.416Z,3117658,9462,Molajen,58642503,Subject
2725769,typo,project-9462,1769372,2021-03-25T16:33:05.169Z,3117826,9462,Molajen,58749617,Subject
2725776,strikeout,project-9462,1769372,2021-03-25T16:37:17.133Z,3117837,9462,Molajen,58748624,Subject
2726529,cutoff,project-9462,1769372,2021-03-26T00:18:36.118Z,3118702,9462,Molajen,58642483,Subject
2726532,typo,project-9462,1769372,2021-03-26T00:23:00.516Z,3118706,9462,Molajen,58752027,Subject
2726571,remarks,project-9462,1769372,2021-03-26T00:40:42.201Z,3118755,9462,Molajen,58751271,Subject
2726586,strikeout,project-9462,1769372,2021-03-26T01:21:12.518Z,3118779,9462,Molajen,58748800,Subject
2727694,date,project-9462,1325481,2021-03-26T14:29:34.338Z,3119876,9462,toby_dog,58751218,Subject
2728232,field,project-9462,1769372,2021-03-26T18:07:11.282Z,3120384,9462,Molajen,58750714,Subject
2728261,typo,project-9462,1769372,2021-03-26T18:16:28.631Z,3120409,9462,Molajen,58749035,Subject
2728274,symbol,project-9462,1769372,2021-03-26T18:19:00.715Z,3120420,9462,Molajen,58748589,Subject
2728431,strikeout,project-9462,1769372,2021-03-26T19:18:53.521Z,3120557,9462,Molajen,58748814,Subject
2728441,cutoff,project-9462,1769372,2021-03-26T19:20:09.995Z,3120566,9462,Molajen,58642490,Subject
2728569,typo,project-9462,1769372,2021-03-26T20:05:55.951Z,3120682,9462,Molajen,58750910,Subject
2728593,skewed,project-9462,1769372,2021-03-26T20:17:01.074Z,3120707,9462,Molajen,58642500,Subject
2729162,cutoff,project-9462,318883,2021-03-27T01:06:14.170Z,3121144,9462,ThatKarenB,58751918,Subject
2731168,skewed,project-9462,1769372,2021-03-27T21:35:25.959Z,3122845,9462,Molajen,58642494,Subject
2731169,cutoff,project-9462,1769372,2021-03-27T21:35:25.962Z,3122845,9462,Molajen,58642494,Subject
2731524,typo,project-9462,1769372,2021-03-28T01:20:18.474Z,3123099,9462,Molajen,59105762,Subject
2731629,cutoff,project-9462,1460326,2021-03-28T03:19:23.584Z,3123194,9462,ericjpaquin,58642487,Subject
2731630,skewed,project-9462,1460326,2021-03-28T03:19:23.587Z,3123194,9462,ericjpaquin,58642487,Subject
2731851,cutoff,project-9462,318883,2021-03-28T07:35:20.816Z,3123386,9462,ThatKarenB,58752624,Subject
2731892,cutoff,project-9462,318883,2021-03-28T08:00:07.168Z,3123414,9462,ThatKarenB,58749289,Subject
2731893,cutoff,project-9462,318883,2021-03-28T08:02:57.741Z,3123415,9462,ThatKarenB,58752684,Subject
2733981,cutoff,project-9462,318883,2021-03-29T03:40:10.248Z,3125369,9462,ThatKarenB,58751251,Subject
2736621,michigan,project-9462,2247583,2021-03-30T01:58:28.345Z,3127877,9462,maggiebethstuart,58754394,Subject
2736627,fish,project-9462,2247583,2021-03-30T02:01:13.083Z,3127881,9462,maggiebethstuart,58687471,Subject
2747615,date,project-9462,2246341,2021-04-03T05:21:59.619Z,3137993,9462,4ce,58686087,Subject
2747616,cutoff,project-9462,2246341,2021-04-03T05:21:59.622Z,3137993,9462,4ce,58686087,Subject
2747617,section,project-9462,2246341,2021-04-03T05:22:32.647Z,3138002,9462,4ce,58753298,Subject
2747618,cutoff,project-9462,2246341,2021-04-03T05:22:32.649Z,3138002,9462,4ce,58753298,Subject
2747619,date,project-9462,2246341,2021-04-03T05:23:09.487Z,3138006,9462,4ce,59671630,Subject
2747620,section,project-9462,2246341,2021-04-03T05:23:33.062Z,3138009,9462,4ce,58752519,Subject
2747621,cutoff,project-9462,2246341,2021-04-03T05:23:33.064Z,3138009,9462,4ce,58752519,Subject
2747623,section,project-9462,2246341,2021-04-03T05:23:56.666Z,3138020,9462,4ce,58751135,Subject
2747624,cutoff,project-9462,2246341,2021-04-03T05:23:56.668Z,3138020,9462,4ce,58751135,Subject
2747626,blank,project-9462,2246341,2021-04-03T05:26:47.351Z,3138025,9462,4ce,58685389,Subject
2748383,date,project-9462,1325481,2021-04-03T12:56:24.980Z,3138672,9462,toby_dog,59672961,Subject
2750674,section,project-9462,2246341,2021-04-04T05:53:35.648Z,3140319,9462,4ce,58753035,Subject
2750675,cutoff,project-9462,2246341,2021-04-04T05:53:35.650Z,3140319,9462,4ce,58753035,Subject
2751989,typo,project-9462,1840400,2021-04-04T16:50:13.365Z,3141349,9462,aalkuipers,58642811,Subject
2754771,agegroups,project-9462,2017299,2021-04-05T11:25:12.247Z,3143516,9462,brookerjarvis,58754694,Subject
2754993,cutoff,project-9462,1325481,2021-04-05T12:18:45.918Z,3143730,9462,toby_dog,58752952,Subject
2755143,error,project-9462,1061480,2021-04-05T12:54:12.938Z,3143855,9462,lolobaba1,58754850,Subject
2756954,cutoff,project-9462,1325481,2021-04-05T19:23:36.849Z,3145259,9462,toby_dog,58749414,Subject
2759804,cutoff,project-9462,1325481,2021-04-06T16:33:58.031Z,3147495,9462,toby_dog,58753230,Subject
2761556,cutoff,project-9462,1325481,2021-04-07T05:24:41.979Z,3148863,9462,toby_dog,58643166,Subject
2762447,cutoff,project-9462,1325481,2021-04-07T12:12:21.949Z,3149649,9462,toby_dog,58748716,Subject
2764725,strikeout,project-9462,1769372,2021-04-08T01:02:23.654Z,3151444,9462,Molajen,58748636,Subject
2765097,section,project-9462,2246341,2021-04-08T05:31:25.365Z,3151724,9462,4ce,58751663,Subject
2765098,cutoff,project-9462,2246341,2021-04-08T05:31:25.366Z,3151724,9462,4ce,58751663,Subject
2767238,question,project-9462,1039326,2021-04-08T17:08:26.621Z,3153416,9462,jaschwartz,59673063,Subject
2767239,range,project-9462,1039326,2021-04-08T17:08:26.623Z,3153416,9462,jaschwartz,59673063,Subject
2767920,cutoff,project-9462,1325481,2021-04-08T20:02:25.594Z,3153962,9462,toby_dog,58752603,Subject
2770424,typo,project-9462,1325481,2021-04-09T17:25:29.363Z,3156181,9462,toby_dog,58642557,Subject
2770608,cutoff,project-9462,1325481,2021-04-09T18:38:49.315Z,3156343,9462,toby_dog,58642537,Subject
2772648,cutoff,project-9462,1325481,2021-04-10T13:27:41.126Z,3158021,9462,toby_dog,58749714,Subject
2772792,error,project-9462,1061480,2021-04-10T14:15:30.155Z,3158146,9462,lolobaba1,58746589,Subject
2774558,section,project-9462,2246341,2021-04-11T06:10:56.747Z,3159609,9462,4ce,58751052,Subject
2774559,cutoff,project-9462,2246341,2021-04-11T06:10:56.749Z,3159609,9462,4ce,58751052,Subject
2774609,cutoff,project-9462,1325481,2021-04-11T07:07:17.620Z,3159657,9462,toby_dog,58751945,Subject
2775578,cutoff,project-9462,1325481,2021-04-11T15:08:07.062Z,3160417,9462,toby_dog,58642536,Subject
2777110,cutoff,project-9462,1325481,2021-04-12T05:06:16.527Z,3161819,9462,toby_dog,58642467,Subject
2777558,cutoff,project-9462,1325481,2021-04-12T11:12:48.498Z,3162369,9462,toby_dog,58642569,Subject
2777595,centimetres,project-9462,2017299,2021-04-12T11:41:57.854Z,3162430,9462,brookerjarvis,58755099,Subject
2777609,millimetres,project-9462,2017299,2021-04-12T11:47:34.393Z,3162440,9462,brookerjarvis,58755177,Subject
2782448,millimetres,project-9462,2017299,2021-04-14T11:27:14.654Z,3167456,9462,brookerjarvis,58754049,Subject
2782631,cutoff,project-9462,1325481,2021-04-14T12:16:04.924Z,3167641,9462,toby_dog,58642461,Subject
2782907,millimetres,project-9462,2017299,2021-04-14T13:38:53.902Z,3167880,9462,brookerjarvis,58642765,Subject
2782949,centimetres,project-9462,2017299,2021-04-14T13:44:49.233Z,3167907,9462,brookerjarvis,58754029,Subject
2791359,centimetres,project-9462,2017299,2021-04-17T10:19:16.886Z,3176312,9462,brookerjarvis,58754005,Subject
2791392,splitdata,project-9462,2017299,2021-04-17T10:32:37.363Z,3176343,9462,brookerjarvis,58755273,Subject
2791420,millimetres,project-9462,2017299,2021-04-17T11:02:30.477Z,3176387,9462,brookerjarvis,58754074,Subject
2791425,centimetres,project-9462,2017299,2021-04-17T11:04:41.079Z,3176391,9462,brookerjarvis,58754891,Subject
2791438,millimetres,project-9462,2017299,2021-04-17T11:10:22.627Z,3176399,9462,brookerjarvis,58755260,Subject
2791507,centimetres,project-9462,2017299,2021-04-17T11:49:23.753Z,3176469,9462,brookerjarvis,58754340,Subject
2791547,millimetres,project-9462,2017299,2021-04-17T12:06:21.340Z,3176503,9462,brookerjarvis,58754057,Subject
2794427,millimetres,project-9462,2017299,2021-04-18T11:01:04.556Z,3179085,9462,brookerjarvis,58754537,Subject
2794481,millimetres,project-9462,2017299,2021-04-18T11:42:54.704Z,3179159,9462,brookerjarvis,58754103,Subject
2795208,error,project-9462,1061480,2021-04-18T15:34:55.061Z,3179809,9462,lolobaba1,59964444,Subject
2797601,cutoff,project-9462,2017299,2021-04-19T09:01:57.699Z,3181931,9462,brookerjarvis,58755247,Subject
2797630,millimetres,project-9462,2017299,2021-04-19T09:12:21.452Z,3181956,9462,brookerjarvis,58642749,Subject
2797901,length,project-9462,1325481,2021-04-19T11:29:01.327Z,3182256,9462,toby_dog,58642695,Subject
2797911,millimetres,project-9462,1325481,2021-04-19T11:31:41.548Z,3182266,9462,toby_dog,58642695,Subject
2798258,centimetres,project-9462,2017299,2021-04-19T13:23:29.195Z,3182611,9462,brookerjarvis,58746600,Subject
2801663,millimetres,project-9462,2017299,2021-04-20T12:56:36.253Z,3185989,9462,brookerjarvis,58755103,Subject
2806155,millimetres,project-9462,1325481,2021-04-21T17:18:35.162Z,3190117,9462,toby_dog,58753920,Subject
2807271,millimetres,project-9462,2294772,2021-04-22T01:12:03.788Z,3191141,9462,phil.bird,58755103,Subject
2808224,millimetres,project-9462,2017299,2021-04-22T12:22:47.164Z,3192085,9462,brookerjarvis,58754120,Subject
2808260,blankcard,project-9462,2017299,2021-04-22T12:34:39.671Z,3192117,9462,brookerjarvis,58642873,Subject
2808302,millimetres,project-9462,2017299,2021-04-22T13:07:43.034Z,3192178,9462,brookerjarvis,58746473,Subject
2810868,millimetres,project-9462,2017299,2021-04-23T13:02:16.160Z,3194688,9462,brookerjarvis,58642695,Subject
2810871,millimetres,project-9462,2017299,2021-04-23T13:05:23.177Z,3194693,9462,brookerjarvis,58755195,Subject
2813598,centimetres,project-9462,2017299,2021-04-24T10:20:20.131Z,3196946,9462,brookerjarvis,58754043,Subject
2813624,millimetres,project-9462,2017299,2021-04-24T10:44:44.746Z,3196976,9462,brookerjarvis,58754531,Subject
2813636,centimetres,project-9462,2017299,2021-04-24T10:53:45.588Z,3196988,9462,brookerjarvis,58753880,Subject
2816254,millimetres,project-9462,1325481,2021-04-25T11:19:32.145Z,3199183,9462,toby_dog,58754527,Subject
2816278,totals,project-9462,2017299,2021-04-25T11:42:51.946Z,3199214,9462,brookerjarvis,58755272,Subject
2818035,cutoff,project-9462,2246341,2021-04-25T21:15:04.736Z,3200575,9462,4ce,58642779,Subject
2819014,centimetres,project-9462,2017299,2021-04-26T08:51:38.929Z,3201443,9462,brookerjarvis,58754885,Subject
2819052,centimetres,project-9462,2017299,2021-04-26T09:11:03.983Z,3201483,9462,brookerjarvis,59152209,Subject
2819054,centimetres,project-9462,2017299,2021-04-26T09:14:07.220Z,3201487,9462,brookerjarvis,58746377,Subject
2819074,inches,project-9462,2017299,2021-04-26T09:31:04.938Z,3201522,9462,brookerjarvis,58753945,Subject
2820115,date,project-9462,1325481,2021-04-26T15:29:27.435Z,3202425,9462,toby_dog,59070514,Subject
2825550,millimetres,project-9462,2017299,2021-04-28T10:30:07.197Z,3207376,9462,brookerjarvis,58754946,Subject
2825733,centimetres,project-9462,2017299,2021-04-28T12:29:18.520Z,3207633,9462,brookerjarvis,58753920,Subject
2825746,centimetres,project-9462,2017299,2021-04-28T12:36:29.576Z,3207645,9462,brookerjarvis,58753917,Subject
2825748,millimetres,project-9462,2017299,2021-04-28T12:37:58.359Z,3207649,9462,brookerjarvis,58755194,Subject
2828624,millimetres,project-9462,2017299,2021-04-29T12:32:46.617Z,3210309,9462,brookerjarvis,58755205,Subject
2828634,millimetres,project-9462,2017299,2021-04-29T12:38:23.257Z,3210321,9462,brookerjarvis,58754071,Subject
2829005,millimetres,project-9462,2017299,2021-04-29T14:41:30.903Z,3210600,9462,brookerjarvis,58754094,Subject
2829244,centimetres,project-9462,1325481,2021-04-29T16:40:20.589Z,3210888,9462,toby_dog,58754131,Subject
2831148,millimetres,project-9462,2017299,2021-04-30T10:52:07.623Z,3212625,9462,brookerjarvis,58755052,Subject
2831170,millimetres,project-9462,2017299,2021-04-30T10:57:39.395Z,3212646,9462,brookerjarvis,58755107,Subject
2831313,centimetres,project-9462,2017299,2021-04-30T12:25:39.285Z,3212816,9462,brookerjarvis,59073197,Subject
2832752,length,project-9462,2294772,2021-04-30T23:41:22.196Z,3214131,9462,phil.bird,58746063,Subject
2832761,agegroups,project-9462,2294772,2021-04-30T23:51:45.782Z,3214138,9462,phil.bird,58746392,Subject
2832765,agegroups,project-9462,2294772,2021-05-01T00:08:29.781Z,3214143,9462,phil.bird,58754211,Subject
2833379,millimetres,project-9462,2017299,2021-05-01T09:44:28.354Z,3214681,9462,brookerjarvis,58746247,Subject
2833414,millimetres,project-9462,2017299,2021-05-01T10:02:28.088Z,3214709,9462,brookerjarvis,58754556,Subject
2833468,differentcards,project-9462,2017299,2021-05-01T10:36:11.754Z,3214762,9462,brookerjarvis,58753985,Subject
2833499,differentcards,project-9462,2017299,2021-05-01T10:56:45.388Z,3214799,9462,brookerjarvis,58753990,Subject
2834206,centimetres,project-9462,1325481,2021-05-01T16:45:10.425Z,3215488,9462,toby_dog,58754202,Subject
2836060,question,project-9462,2025123,2021-05-02T09:37:15.603Z,3216886,9462,Zeddzo,59962396,Subject
2836153,millimetres,project-9462,2017299,2021-05-02T10:52:53.372Z,3216965,9462,brookerjarvis,58746240,Subject
2836160,millimetres,project-9462,2017299,2021-05-02T10:55:01.422Z,3216971,9462,brookerjarvis,58755178,Subject
2836176,blank,project-9462,1325481,2021-05-02T11:05:09.305Z,3216988,9462,toby_dog,58642684,Subject
2836196,question,project-9462,2025123,2021-05-02T11:16:05.269Z,3217001,9462,Zeddzo,59964412,Subject
2836247,millimetres,project-9462,2025123,2021-05-02T11:43:50.783Z,3216986,9462,Zeddzo,59688026,Subject
2836261,funfact,project-9462,2025123,2021-05-02T11:51:12.290Z,3217057,9462,Zeddzo,58752476,Subject
2836262,centimetres,project-9462,2017299,2021-05-02T11:51:59.405Z,3217059,9462,brookerjarvis,58746554,Subject
2836268,funfact,project-9462,2025123,2021-05-02T11:56:13.076Z,3217065,9462,Zeddzo,59105716,Subject
2838603,cutoff,project-9462,2017299,2021-05-03T09:56:19.005Z,3219010,9462,brookerjarvis,59688187,Subject
2838641,centimetres,project-9462,2017299,2021-05-03T10:08:03.844Z,3219033,9462,brookerjarvis,59687829,Subject
2838657,loading,project-9462,2017299,2021-05-03T10:22:58.227Z,3219055,9462,brookerjarvis,58755167,Subject
2838717,differentcards,project-9462,2017299,2021-05-03T10:50:46.461Z,3219127,9462,brookerjarvis,59962847,Subject
2840715,length,project-9462,2294772,2021-05-04T02:17:09.686Z,3221014,9462,phil.bird,59152231,Subject
2841500,millimetres,project-9462,2017299,2021-05-04T10:08:21.360Z,3221666,9462,brookerjarvis,59688037,Subject
2841514,millimetres,project-9462,2017299,2021-05-04T10:19:52.497Z,3221688,9462,brookerjarvis,59962850,Subject
2841515,differentcards,project-9462,2017299,2021-05-04T10:19:52.498Z,3221688,9462,brookerjarvis,59962850,Subject
2841519,differentcards,project-9462,2017299,2021-05-04T10:28:14.656Z,3221700,9462,brookerjarvis,59962848,Subject
2841560,millimetres,project-9462,2017299,2021-05-04T11:04:58.198Z,3221755,9462,brookerjarvis,59688034,Subject
2844504,differentcards,project-9462,2017299,2021-05-05T10:14:25.727Z,3224024,9462,brookerjarvis,59962846,Subject
2844558,error,project-9462,1325481,2021-05-05T11:03:48.376Z,3224108,9462,toby_dog,58755210,Subject
2844579,millimetres,project-9462,2017299,2021-05-05T11:12:13.909Z,3224132,9462,brookerjarvis,59962833,Subject
2847222,mistake,project-9462,1325481,2021-05-06T13:54:29.572Z,3226704,9462,toby_dog,58746383,Subject
2848956,millimetres,project-9462,2017299,2021-05-07T11:26:23.220Z,3228500,9462,brookerjarvis,59962442,Subject
2848983,millimetres,project-9462,2017299,2021-05-07T11:36:26.789Z,3228523,9462,brookerjarvis,59962359,Subject
2849230,typo,project-9462,1325481,2021-05-07T13:28:59.468Z,3228811,9462,toby_dog,58754797,Subject
2851860,millimetres,project-9462,2017299,2021-05-08T09:35:56.550Z,3231257,9462,brookerjarvis,59688026,Subject
2851944,millimetres,project-9462,2017299,2021-05-08T10:28:42.046Z,3231331,9462,brookerjarvis,59688070,Subject
2851966,differentcards,project-9462,2017299,2021-05-08T10:39:15.426Z,3231350,9462,brookerjarvis,59962855,Subject
2852036,bluegill,project-9462,2017299,2021-05-08T11:25:38.510Z,3231421,9462,brookerjarvis,59964058,Subject
2853703,centimeters,project-9462,2271829,2021-05-08T21:00:27.910Z,3232787,9462,jealofs,58753945,Subject
2854986,centimeters,project-9462,2017299,2021-05-09T10:30:48.629Z,3233919,9462,brookerjarvis,59687922,Subject
2855002,millimetres,project-9462,2017299,2021-05-09T10:38:33.949Z,3233941,9462,brookerjarvis,59688038,Subject
2855008,differentcards,project-9462,2017299,2021-05-09T10:42:23.986Z,3233947,9462,brookerjarvis,59962865,Subject
2855035,millimetres,project-9462,2017299,2021-05-09T10:57:30.014Z,3233974,9462,brookerjarvis,59963264,Subject
2855070,differentcards,project-9462,2017299,2021-05-09T11:12:49.396Z,3234003,9462,brookerjarvis,59962789,Subject
2855273,millimetres,project-9462,1325481,2021-05-09T13:20:48.032Z,3234194,9462,toby_dog,58746373,Subject
2857475,typo,project-9462,1325481,2021-05-10T07:29:04.288Z,3236249,9462,toby_dog,58746158,Subject
2857606,inches,project-9462,2017299,2021-05-10T09:49:23.858Z,3236419,9462,brookerjarvis,59964512,Subject
2857816,erased,project-9462,1325481,2021-05-10T12:14:32.256Z,3236686,9462,toby_dog,58642741,Subject
2861278,differentcards,project-9462,2017299,2021-05-11T11:48:33.199Z,3240078,9462,brookerjarvis,59962870,Subject
2861292,millimetres,project-9462,2017299,2021-05-11T11:54:02.915Z,3240095,9462,brookerjarvis,59962662,Subject
2863769,blank,project-9462,1325481,2021-05-12T08:45:44.184Z,3242704,9462,toby_dog,59688016,Subject
2864074,differentcards,project-9462,2017299,2021-05-12T11:55:13.788Z,3243064,9462,brookerjarvis,59962852,Subject
2864097,differentcards,project-9462,2017299,2021-05-12T12:10:29.108Z,3243094,9462,brookerjarvis,59962871,Subject
2864212,differentcards,project-9462,2017299,2021-05-12T13:26:38.774Z,3243267,9462,brookerjarvis,59962844,Subject
2864316,mismatch,project-9462,1325481,2021-05-12T14:21:17.297Z,3243387,9462,toby_dog,59962863,Subject
2866605,centimeters,project-9462,2025123,2021-05-13T12:31:10.770Z,3245699,9462,Zeddzo,59963549,Subject
2866630,millimetres,project-9462,2017299,2021-05-13T12:57:58.938Z,3245733,9462,brookerjarvis,59963721,Subject
2866978,differentcards,project-9462,2017299,2021-05-13T15:02:54.658Z,3246027,9462,brookerjarvis,59962840,Subject
2867826,cutoff,project-9462,1325481,2021-05-13T20:39:10.754Z,3246941,9462,toby_dog,58746428,Subject
2868835,typo,project-9462,2025123,2021-05-14T09:13:21.924Z,3248013,9462,Zeddzo,59688051,Subject
2868861,mismatch,project-9462,2025123,2021-05-14T09:27:51.085Z,3248039,9462,Zeddzo,59962864,Subject
2868959,differentcards,project-9462,2017299,2021-05-14T10:56:00.002Z,3248172,9462,brookerjarvis,59963009,Subject
2868972,millimetres,project-9462,2017299,2021-05-14T10:58:30.967Z,3248178,9462,brookerjarvis,59963112,Subject
2869004,typo,project-9462,1325481,2021-05-14T11:11:15.555Z,3248204,9462,toby_dog,59687812,Subject
2869283,millimetres,project-9462,2017299,2021-05-14T13:50:21.293Z,3248560,9462,brookerjarvis,59962821,Subject
2869318,bluegill,project-9462,2017299,2021-05-14T14:07:47.358Z,3248616,9462,brookerjarvis,59687825,Subject
2869363,differentcards,project-9462,2017299,2021-05-14T14:25:00.148Z,3248664,9462,brookerjarvis,59962787,Subject
2869386,bluegill,project-9462,2017299,2021-05-14T14:29:40.266Z,3248683,9462,brookerjarvis,59688188,Subject
2869489,differentcards,project-9462,2017299,2021-05-14T15:14:59.627Z,3248797,9462,brookerjarvis,59962862,Subject
2871301,differentcards,project-9462,2017299,2021-05-15T11:10:27.191Z,3250783,9462,brookerjarvis,59962790,Subject
2871483,question,project-9462,2025123,2021-05-15T12:28:14.555Z,3250979,9462,Zeddzo,58752547,Subject
2872289,error,project-9462,1325481,2021-05-15T18:27:11.619Z,3251886,9462,toby_dog,59963890,Subject
2873405,oops,project-9462,2017299,2021-05-16T11:50:19.047Z,3253094,9462,brookerjarvis,59963581,Subject
2875913,bluegill,project-9462,2017299,2021-05-17T10:14:14.069Z,3255387,9462,brookerjarvis,59963018,Subject
2875962,millimetres,project-9462,2017299,2021-05-17T10:40:46.754Z,3255448,9462,brookerjarvis,59963790,Subject
2875994,bluegill,project-9462,2017299,2021-05-17T10:48:41.472Z,3255476,9462,brookerjarvis,59964030,Subject
2876003,differentcards,project-9462,2017299,2021-05-17T10:53:45.528Z,3255489,9462,brookerjarvis,59962853,Subject
2876022,bluegill,project-9462,2017299,2021-05-17T11:04:21.985Z,3255518,9462,brookerjarvis,59962887,Subject
2876035,differentcards,project-9462,2017299,2021-05-17T11:12:03.170Z,3255533,9462,brookerjarvis,59962837,Subject
2876192,millimetres,project-9462,2017299,2021-05-17T12:41:57.215Z,3255686,9462,brookerjarvis,59963725,Subject
2876242,differentcards,project-9462,2017299,2021-05-17T12:57:39.770Z,3255715,9462,brookerjarvis,59962849,Subject
2876425,differentcards,project-9462,2017299,2021-05-17T14:30:49.314Z,3255909,9462,brookerjarvis,58753999,Subject
2876471,cutoff,project-9462,2017299,2021-05-17T14:43:11.032Z,3255952,9462,brookerjarvis,58642778,Subject
2877717,yellow,project-9462,2300659,2021-05-17T21:27:55.268Z,3257062,9462,s-fernandezmorales,58642853,Subject
2878994,millimetres,project-9462,2017299,2021-05-18T11:56:56.655Z,3258236,9462,brookerjarvis,61362100,Subject
2879004,millimetres,project-9462,2017299,2021-05-18T12:10:55.601Z,3258254,9462,brookerjarvis,61362021,Subject
2879063,millimetres,project-9462,2017299,2021-05-18T12:48:55.552Z,3258316,9462,brookerjarvis,61362029,Subject
2879074,millimetres,project-9462,2017299,2021-05-18T12:53:18.452Z,3258327,9462,brookerjarvis,61379419,Subject
2879134,millimetres,project-9462,2017299,2021-05-18T13:11:17.690Z,3258369,9462,brookerjarvis,61362073,Subject
2879233,millimetres,project-9462,2017299,2021-05-18T13:42:41.011Z,3258442,9462,brookerjarvis,61362072,Subject
2879271,millimetres,project-9462,2017299,2021-05-18T13:57:54.198Z,3258468,9462,brookerjarvis,61362049,Subject
2879394,error,project-9462,1325481,2021-05-18T14:53:28.121Z,3258590,9462,toby_dog,61362207,Subject
2882517,doubleinfo,project-9462,2017299,2021-05-19T14:22:18.650Z,3261619,9462,brookerjarvis,61362144,Subject
2882523,millimetres,project-9462,2017299,2021-05-19T14:25:23.886Z,3261624,9462,brookerjarvis,61362116,Subject
2882538,millimetres,project-9462,2017299,2021-05-19T14:31:56.188Z,3261644,9462,brookerjarvis,61362084,Subject
2884603,doubleinfo,project-9462,2017299,2021-05-20T11:49:09.956Z,3263711,9462,brookerjarvis,61362145,Subject
2884632,millimetres,project-9462,2017299,2021-05-20T11:58:42.018Z,3263737,9462,brookerjarvis,61362121,Subject
2884636,millimetres,project-9462,2017299,2021-05-20T12:01:52.978Z,3263743,9462,brookerjarvis,61362028,Subject
2884682,doubleinfo,project-9462,2017299,2021-05-20T12:30:14.201Z,3263800,9462,brookerjarvis,61362003,Subject
2884789,millimetres,project-9462,2017299,2021-05-20T13:35:33.891Z,3263919,9462,brookerjarvis,61362208,Subject
2887211,doubleinfo,project-9462,2017299,2021-05-21T13:24:11.781Z,3266305,9462,brookerjarvis,58754003,Subject
2887323,cutoff,project-9462,2017299,2021-05-21T14:25:50.225Z,3266428,9462,brookerjarvis,58643124,Subject
2887351,missing,project-9462,2017299,2021-05-21T14:35:04.863Z,3266451,9462,brookerjarvis,59070540,Subject
2891950,mismatch,project-9462,1325481,2021-05-23T07:21:53.384Z,3270045,9462,toby_dog,58753996,Subject
2892123,typo,project-9462,1325481,2021-05-23T10:26:52.856Z,3270201,9462,toby_dog,59106482,Subject
2893379,preparedby,project-9462,2314122,2021-05-23T20:37:39.150Z,3271241,9462,AshleyThai,59106711,Subject
2893390,prepared,project-9462,2314122,2021-05-23T20:43:32.824Z,3271248,9462,AshleyThai,61362624,Subject
2893391,qarzweel,project-9462,2314122,2021-05-23T20:43:32.827Z,3271248,9462,AshleyThai,61362624,Subject
2894577,strikeout,project-9462,2000991,2021-05-24T10:37:46.995Z,3272178,9462,john.cox56,58748623,Subject
2894616,strikeout,project-9462,2000991,2021-05-24T10:56:12.071Z,3272217,9462,john.cox56,58750511,Subject
2894884,differentcards,project-9462,2017299,2021-05-24T13:16:00.580Z,3272512,9462,brookerjarvis,59962851,Subject
2894916,differentcards,project-9462,2017299,2021-05-24T13:26:24.529Z,3272550,9462,brookerjarvis,58753984,Subject
2894988,cutoff,project-9462,2017299,2021-05-24T14:02:30.206Z,3272631,9462,brookerjarvis,59688064,Subject
2895040,cutoff,project-9462,2017299,2021-05-24T14:25:00.800Z,3272685,9462,brookerjarvis,58642717,Subject
2895073,missing,project-9462,2017299,2021-05-24T14:33:14.312Z,3272711,9462,brookerjarvis,58642684,Subject
2897240,differentcards,project-9462,2017299,2021-05-25T09:01:50.974Z,3274470,9462,brookerjarvis,58753986,Subject
2897571,cutoff,project-9462,1325481,2021-05-25T12:11:55.938Z,3274841,9462,toby_dog,58752388,Subject
2899727,cutoff,project-9462,1325481,2021-05-26T08:25:59.330Z,3276784,9462,toby_dog,58642488,Subject
2899782,typo,project-9462,1325481,2021-05-26T08:39:16.822Z,3276824,9462,toby_dog,58749919,Subject
2900485,cutoff,project-9462,2017299,2021-05-26T14:41:05.118Z,3277430,9462,brookerjarvis,58687674,Subject
2904203,missing,project-9462,2017299,2021-05-28T11:21:17.418Z,3280886,9462,brookerjarvis,58643165,Subject
2906376,cutoff,project-9462,2017299,2021-05-29T10:21:19.551Z,3282818,9462,brookerjarvis,58642773,Subject
2906450,missing,project-9462,2017299,2021-05-29T11:40:40.835Z,3282915,9462,brookerjarvis,58642822,Subject
2908877,missing,project-9462,2017299,2021-05-30T10:51:26.352Z,3284751,9462,brookerjarvis,59964026,Subject
2908884,cutoff,project-9462,2017299,2021-05-30T10:55:56.338Z,3284757,9462,brookerjarvis,59963905,Subject
2908918,cutoff,project-9462,2017299,2021-05-30T11:11:47.811Z,3284795,9462,brookerjarvis,59070939,Subject
2913632,cutoff,project-9462,2017299,2021-06-01T14:44:14.568Z,3288863,9462,brookerjarvis,59963902,Subject
2913637,missing,project-9462,2017299,2021-06-01T14:50:45.357Z,3288871,9462,brookerjarvis,58643162,Subject
2913658,cutoff,project-9462,2017299,2021-06-01T15:00:27.550Z,3288892,9462,brookerjarvis,58687750,Subject
2915493,cutoff,project-9462,2017299,2021-06-02T09:02:14.260Z,3290571,9462,brookerjarvis,59688060,Subject
2919324,differentcards,project-9462,2017299,2021-06-03T15:03:44.730Z,3293955,9462,brookerjarvis,58754002,Subject
2921175,cutoff,project-9462,2017299,2021-06-04T12:51:17.790Z,3295734,9462,brookerjarvis,59071246,Subject
2923410,cutoff,project-9462,2017299,2021-06-05T09:45:26.652Z,3297697,9462,brookerjarvis,59963250,Subject
2926134,missing,project-9462,2017299,2021-06-06T12:53:13.974Z,3299906,9462,brookerjarvis,58643168,Subject
2928550,cutoff,project-9462,2017299,2021-06-07T12:35:44.828Z,3302165,9462,brookerjarvis,58754482,Subject
2928560,cutoff,project-9462,2017299,2021-06-07T12:51:04.054Z,3302180,9462,brookerjarvis,58642774,Subject
2928748,missing,project-9462,2017299,2021-06-07T14:32:45.980Z,3302372,9462,brookerjarvis,58643169,Subject
2930055,question,project-9462,1987828,2021-06-08T00:49:53.866Z,3303685,9462,Xabi706920,58749036,Subject
2933620,cutoff,project-9462,2017299,2021-06-09T09:35:04.714Z,3307083,9462,brookerjarvis,58642770,Subject
2933664,cutoff,project-9462,2017299,2021-06-09T10:05:46.734Z,3307128,9462,brookerjarvis,58687649,Subject
2933731,cutoff,project-9462,2017299,2021-06-09T10:50:49.227Z,3307186,9462,brookerjarvis,58642480,Subject
2935934,cutoff,project-9462,1851320,2021-06-10T04:57:56.421Z,3309339,9462,BarrowTH,58642770,Subject
2935938,cutoff,project-9462,1851320,2021-06-10T05:03:08.796Z,3309343,9462,BarrowTH,59688067,Subject
2941952,remarks,project-9462,1894841,2021-06-12T21:36:25.715Z,3315087,9462,R4ven,59106448,Subject
2950557,cutoff,project-9462,2017299,2021-06-17T09:13:46.224Z,3322641,9462,brookerjarvis,58642461,Subject
2954475,skipped,project-9462,2025123,2021-06-19T09:58:21.114Z,3326165,9462,Zeddzo,58642506,Subject
2954476,cutoff,project-9462,2025123,2021-06-19T09:58:21.116Z,3326165,9462,Zeddzo,58642506,Subject
2954477,skewed,project-9462,2025123,2021-06-19T09:58:21.118Z,3326165,9462,Zeddzo,58642506,Subject
2954500,cutoff,project-9462,2017299,2021-06-19T10:24:48.263Z,3326197,9462,brookerjarvis,58642500,Subject
2957507,fishfinder,project-9462,2325920,2021-06-20T14:59:00.770Z,3328853,9462,KatieW2005,59962353,Subject
2959346,cutoff,project-9462,2017299,2021-06-21T09:50:25.433Z,3330449,9462,brookerjarvis,58642498,Subject
2959439,cutoff,project-9462,1325481,2021-06-21T11:05:53.616Z,3330570,9462,toby_dog,58642491,Subject
2959476,typo,project-9462,1325481,2021-06-21T11:18:52.952Z,3330607,9462,toby_dog,58751878,Subject
2959525,differentcards,project-9462,2060660,2021-06-21T12:05:12.581Z,3330669,9462,ImogenJailler,58753990,Subject
2960520,differentcards,project-9462,2060660,2021-06-21T18:57:22.064Z,3331547,9462,ImogenJailler,58754003,Subject
2963571,typo,project-9462,1325481,2021-06-22T20:46:08.637Z,3334204,9462,toby_dog,58750064,Subject
2964988,missing,project-9462,2017299,2021-06-23T13:35:12.192Z,3335591,9462,brookerjarvis,58643164,Subject
2965013,typo,project-9462,1325481,2021-06-23T13:49:53.933Z,3335608,9462,toby_dog,61379433,Subject
2965015,millimetres,project-9462,2017299,2021-06-23T13:50:25.786Z,3335610,9462,brookerjarvis,59962662,Subject
2966123,missing,project-9462,1325481,2021-06-23T20:19:18.360Z,3336653,9462,toby_dog,59688014,Subject
2967611,millimetres,project-9462,2017299,2021-06-24T11:28:06.010Z,3338090,9462,brookerjarvis,59963071,Subject
2967912,differentcards,project-9462,2017299,2021-06-24T13:18:04.569Z,3338383,9462,brookerjarvis,59962849,Subject
2967930,cutoff,project-9462,2017299,2021-06-24T13:25:51.636Z,3338399,9462,brookerjarvis,59070451,Subject
2970333,cutoff,project-9462,2017299,2021-06-25T11:23:49.762Z,3340565,9462,brookerjarvis,59688040,Subject
2970494,blankcard,project-9462,2017299,2021-06-25T12:45:25.011Z,3340715,9462,brookerjarvis,58642873,Subject
2970564,differentcards,project-9462,2017299,2021-06-25T13:21:04.493Z,3340771,9462,brookerjarvis,59962866,Subject
2970611,blankcard,project-9462,2017299,2021-06-25T13:52:46.244Z,3340826,9462,brookerjarvis,58642835,Subject
2970637,missing,project-9462,2017299,2021-06-25T14:08:04.011Z,3340846,9462,brookerjarvis,59070538,Subject
2970750,cutoff,project-9462,2017299,2021-06-25T15:01:21.424Z,3340938,9462,brookerjarvis,59688103,Subject
2970983,millimetres,project-9462,2327645,2021-06-25T16:40:15.237Z,3341191,9462,aepstein,59688026,Subject
2971170,millimetres,project-9462,2323717,2021-06-25T18:17:54.791Z,3341426,9462,ms22,59962925,Subject
2971175,date,project-9462,1325481,2021-06-25T18:24:27.987Z,3341434,9462,toby_dog,58746463,Subject
2971332,date,project-9462,1325481,2021-06-25T20:12:31.550Z,3341584,9462,toby_dog,61362651,Subject
2971392,blankcard,project-9462,1325481,2021-06-25T20:47:57.307Z,3341653,9462,toby_dog,58642835,Subject
2971449,missing,project-9462,1325481,2021-06-25T21:16:16.186Z,3341707,9462,toby_dog,59688018,Subject
2971489,typo,project-9462,1325481,2021-06-25T21:32:14.995Z,3341741,9462,toby_dog,59962917,Subject
2971505,centimeters,project-9462,1325481,2021-06-25T21:40:37.437Z,3341755,9462,toby_dog,59687829,Subject
2971677,millimetres,project-9462,2323717,2021-06-25T23:39:24.014Z,3341899,9462,ms22,61362028,Subject
2972175,millimetres,project-9462,2017299,2021-06-26T09:28:53.873Z,3342308,9462,brookerjarvis,59688026,Subject
2972182,cutoff,project-9462,2017299,2021-06-26T09:39:16.508Z,3342316,9462,brookerjarvis,59688187,Subject
2972196,millimetres,project-9462,2017299,2021-06-26T10:27:19.180Z,3342340,9462,brookerjarvis,59963209,Subject
2972216,missing,project-9462,1325481,2021-06-26T10:49:41.416Z,3342352,9462,toby_dog,59963876,Subject
2972253,differentcards,project-9462,2017299,2021-06-26T11:49:53.004Z,3342408,9462,brookerjarvis,61362197,Subject
2972254,millimetres,project-9462,2017299,2021-06-26T11:55:24.194Z,3342410,9462,brookerjarvis,61362208,Subject
2972321,millimetres,project-9462,2324157,2021-06-26T12:38:58.567Z,3342460,9462,FelipeLira,61362208,Subject
2972331,millimetres,project-9462,2323717,2021-06-26T12:47:43.885Z,3342467,9462,ms22,59687978,Subject
2972394,millimetres,project-9462,2323717,2021-06-26T13:23:12.410Z,3342505,9462,ms22,61362100,Subject
2972449,millimetres,project-9462,2323717,2021-06-26T14:18:31.213Z,3342569,9462,ms22,59963147,Subject
2972486,millimetres,project-9462,2323717,2021-06-26T14:39:32.517Z,3342605,9462,ms22,59963262,Subject
2972497,millimetres,project-9462,2323717,2021-06-26T14:45:17.557Z,3342612,9462,ms22,59963248,Subject
2972498,millimetres,project-9462,2323717,2021-06-26T14:50:37.864Z,3342617,9462,ms22,61362116,Subject
2972517,typo,project-9462,1325481,2021-06-26T14:57:16.302Z,3342626,9462,toby_dog,59962887,Subject
2973382,mistake,project-9462,1325481,2021-06-27T06:42:12.600Z,3343356,9462,toby_dog,59962327,Subject
2973609,millimetres,project-9462,2017299,2021-06-27T10:34:21.313Z,3343599,9462,brookerjarvis,59963248,Subject
2973616,millimetres,project-9462,2017299,2021-06-27T10:54:58.424Z,3343611,9462,brookerjarvis,59963293,Subject
2973657,millimentres,project-9462,2271829,2021-06-27T11:49:35.845Z,3343664,9462,jealofs,59963209,Subject
2973687,centimeters,project-9462,2017299,2021-06-27T12:04:36.782Z,3343696,9462,brookerjarvis,59963581,Subject
2973778,millimetres,project-9462,1484814,2021-06-27T14:08:59.892Z,3343824,9462,jmschell,59962925,Subject
2975658,centimeters,project-9462,2017299,2021-06-28T10:21:36.732Z,3345340,9462,brookerjarvis,59687890,Subject
2975682,millimetres,project-9462,2017299,2021-06-28T11:31:54.971Z,3345396,9462,brookerjarvis,61362116,Subject
2975862,differentcards,project-9462,2017299,2021-06-28T13:20:41.972Z,3345559,9462,brookerjarvis,59962854,Subject
2975863,millimetres,project-9462,2017299,2021-06-28T13:21:32.887Z,3345561,9462,brookerjarvis,59688070,Subject
2975919,millimetres,project-9462,2017299,2021-06-28T13:58:10.127Z,3345618,9462,brookerjarvis,61362217,Subject
2976111,typo,project-9462,1325481,2021-06-28T16:15:22.666Z,3345803,9462,toby_dog,59962307,Subject
2976936,fishingtalk,project-9462,2326417,2021-06-29T01:25:00.363Z,3346557,9462,arpy,61362226,Subject
2977665,millimetres,project-9462,2017299,2021-06-29T11:09:02.018Z,3347280,9462,brookerjarvis,59962359,Subject
2977666,millimetres,project-9462,2017299,2021-06-29T11:19:08.209Z,3347281,9462,brookerjarvis,59962833,Subject
2977677,millimetres,project-9462,2017299,2021-06-29T11:49:14.439Z,3347299,9462,brookerjarvis,61362028,Subject
2977776,millimetres,project-9462,2017299,2021-06-29T13:32:13.247Z,3347406,9462,brookerjarvis,61362049,Subject
2977780,millimetres,project-9462,2017299,2021-06-29T13:36:04.829Z,3347411,9462,brookerjarvis,61362121,Subject
2977923,millimetres,project-9462,2017299,2021-06-29T15:11:39.743Z,3347553,9462,brookerjarvis,59687978,Subject
2978548,millimetres,project-9462,2271829,2021-06-29T21:10:24.820Z,3348243,9462,jealofs,59963248,Subject
2980250,centimetres,project-9462,2271829,2021-06-30T20:36:52.020Z,3350239,9462,jealofs,59687829,Subject
2981296,millimetres,project-9462,2271829,2021-07-01T11:58:30.810Z,3351204,9462,jealofs,59963071,Subject
2981488,millimetres,project-9462,2017299,2021-07-01T13:39:13.638Z,3351384,9462,brookerjarvis,59963721,Subject
2981521,unclear,project-9462,2017299,2021-07-01T13:59:47.229Z,3351414,9462,brookerjarvis,59687822,Subject
2981553,differentcards,project-9462,2017299,2021-07-01T14:12:46.473Z,3351433,9462,brookerjarvis,59962838,Subject
2981659,missing,project-9462,1325481,2021-07-01T15:00:42.897Z,3351501,9462,toby_dog,59964271,Subject
2981983,centimetres,project-9462,1325481,2021-07-01T18:21:04.200Z,3351815,9462,toby_dog,59687854,Subject
2982147,millimetres,project-9462,1325481,2021-07-01T19:59:58.246Z,3351973,9462,toby_dog,59963171,Subject
2982647,21c,project-9462,1871207,2021-07-02T02:28:21.931Z,3352427,9462,leo389,63341330,Subject
2983176,millimetres,project-9462,1484814,2021-07-02T13:06:47.748Z,3353000,9462,jmschell,59962931,Subject
2983177,centimeters,project-9462,1484814,2021-07-02T13:06:47.750Z,3353000,9462,jmschell,59962931,Subject
2984629,millimetres,project-9462,2271829,2021-07-03T11:48:13.234Z,3354212,9462,jealofs,59963721,Subject
2985885,ammended,project-9462,1063151,2021-07-04T06:04:13.026Z,3355245,9462,Linnie14,59692118,Subject
2987864,cutoff,project-9462,2017299,2021-07-05T13:05:02.116Z,3357079,9462,brookerjarvis,58643035,Subject
2989292,cutoff,project-9462,2017299,2021-07-06T08:53:14.570Z,3358524,9462,brookerjarvis,58642999,Subject
2991133,comments,project-9462,2017299,2021-07-07T09:54:03.926Z,3360478,9462,brookerjarvis,59692072,Subject
2994945,cutoff,project-9462,2017299,2021-07-09T13:32:08.023Z,3364419,9462,brookerjarvis,58687118,Subject
2994990,q15differs,project-9462,2017299,2021-07-09T14:07:49.536Z,3364458,9462,brookerjarvis,63265642,Subject
2995029,q15differs,project-9462,2017299,2021-07-09T14:26:22.009Z,3364504,9462,brookerjarvis,63264926,Subject
2995091,q15differs,project-9462,2017299,2021-07-09T15:02:29.254Z,3364567,9462,brookerjarvis,63265323,Subject
2995459,centimeters,project-9462,1325481,2021-07-09T18:58:20.783Z,3364990,9462,toby_dog,58753952,Subject
2996501,cutoff,project-9462,2017299,2021-07-10T09:29:13.205Z,3365883,9462,brookerjarvis,58754784,Subject
2996517,walleye,project-9462,2017299,2021-07-10T09:40:10.927Z,3365901,9462,brookerjarvis,58755245,Subject
2996615,methyl,project-9462,2017299,2021-07-10T11:43:02.642Z,3366024,9462,brookerjarvis,63265899,Subject
2996859,mismatch,project-9462,1325481,2021-07-10T14:16:07.473Z,3366238,9462,toby_dog,58754004,Subject
2999572,hashtag,project-9462,2017299,2021-07-12T10:28:32.252Z,3368759,9462,brookerjarvis,,
2999730,age-group,project-9462,1325481,2021-07-12T12:26:26.530Z,3368938,9462,toby_dog,58754457,Subject
3000132,age-group,project-9462,1325481,2021-07-12T16:53:49.958Z,3369303,9462,toby_dog,59962555,Subject
3000378,fish,project-9462,1325481,2021-07-12T20:22:32.035Z,3369674,9462,toby_dog,59963415,Subject
3000602,hashtag,project-9462,1484814,2021-07-12T22:44:41.947Z,3369914,9462,jmschell,,
3000603,widthofshoal,project-9462,1484814,2021-07-12T22:44:41.951Z,3369914,9462,jmschell,,
3001267,widthofshoal,project-9462,2025502,2021-07-13T12:27:15.698Z,3370675,9462,nieki2000,63265039,Subject
3001287,widthofshoal,project-9462,2025502,2021-07-13T12:39:51.157Z,3370711,9462,nieki2000,63265966,Subject
3001298,hashtag,project-9462,2017299,2021-07-13T12:46:54.362Z,3370725,9462,brookerjarvis,,
3001299,widthofshoal,project-9462,2025502,2021-07-13T12:47:02.027Z,3370726,9462,nieki2000,63264350,Subject
3001338,widthofshoal,project-9462,2017299,2021-07-13T13:33:26.661Z,3370785,9462,brookerjarvis,63265433,Subject
3001342,widthofshoal,project-9462,2017299,2021-07-13T13:38:29.124Z,3370793,9462,brookerjarvis,63265147,Subject
3001430,widthofshoal,project-9462,2017299,2021-07-13T14:31:51.145Z,3370888,9462,brookerjarvis,63265239,Subject
3001440,widthofshoal,project-9462,2017299,2021-07-13T14:35:19.825Z,3370898,9462,brookerjarvis,63264895,Subject
3001611,widthofshoal,project-9462,2000370,2021-07-13T16:06:26.858Z,3371054,9462,Romsey2,63264339,Subject
3001679,widthofshoal,project-9462,2001001,2021-07-13T16:46:27.344Z,3371123,9462,Gosling,63264726,Subject
3001685,widthofshoal,project-9462,2000370,2021-07-13T16:51:25.307Z,3371131,9462,Romsey2,63265322,Subject
3001737,widthofshoal,project-9462,1769525,2021-07-13T17:34:35.218Z,3371195,9462,Suem28,63264644,Subject
3001754,widthofshoal,project-9462,1769525,2021-07-13T17:46:50.187Z,3371214,9462,Suem28,63265017,Subject
3001782,widthofshoal,project-9462,2030,2021-07-13T18:05:06.955Z,3371247,9462,kkuhn9515,63265672,Subject
3002048,widthofshoal,project-9462,1325481,2021-07-13T19:51:22.205Z,3371527,9462,toby_dog,63264894,Subject
3002062,widthofshoal,project-9462,2328660,2021-07-13T19:56:09.809Z,3371536,9462,spectorb,63265480,Subject
3002235,widthofshoal,project-9462,2272550,2021-07-13T21:21:41.339Z,3371680,9462,marianenelson,63265719,Subject
3002238,widthofshoal,project-9462,2272550,2021-07-13T21:29:32.159Z,3371691,9462,marianenelson,63265246,Subject
3002244,widthofshoal,project-9462,2272550,2021-07-13T21:38:15.172Z,3371696,9462,marianenelson,63264849,Subject
3002330,oldwalleyes,project-9462,2030,2021-07-13T23:49:09.557Z,3371819,9462,kkuhn9515,58754694,Subject
3002331,walleye,project-9462,2030,2021-07-13T23:49:09.559Z,3371819,9462,kkuhn9515,58754694,Subject
3002353,widthofshoal,project-9462,2030,2021-07-14T00:50:10.597Z,3371851,9462,kkuhn9515,63264936,Subject
3002358,widthofshoal,project-9462,2030,2021-07-14T01:00:26.993Z,3371859,9462,kkuhn9515,63265079,Subject
3002403,widthofshoal,project-9462,2030,2021-07-14T01:43:13.501Z,3371890,9462,kkuhn9515,63265866,Subject
3002427,widthofshoal,project-9462,2030,2021-07-14T01:55:30.788Z,3371903,9462,kkuhn9515,63264743,Subject
3002471,agegroups,project-9462,1540290,2021-07-14T03:20:02.957Z,3371953,9462,ridiculusmus,58754623,Subject
3002483,agegroups,project-9462,1540290,2021-07-14T04:03:10.556Z,3371979,9462,ridiculusmus,58754629,Subject
3002648,widthofshoal,project-9462,2025502,2021-07-14T06:48:57.385Z,3372119,9462,nieki2000,63264550,Subject
3002773,widthofshoal,project-9462,2017299,2021-07-14T08:31:44.354Z,3372236,9462,brookerjarvis,63265966,Subject
3002789,methyl,project-9462,2017299,2021-07-14T08:46:31.865Z,3372255,9462,brookerjarvis,63265921,Subject
3002812,widthofshoal,project-9462,2017299,2021-07-14T09:00:30.530Z,3372284,9462,brookerjarvis,63265166,Subject
3002869,age-group,project-9462,1325481,2021-07-14T10:14:17.458Z,3372367,9462,toby_dog,59688061,Subject
3003536,widthofshoal,project-9462,2328280,2021-07-14T18:57:23.221Z,3373307,9462,BayleeJohnson,63265739,Subject
3004049,widthofshoal,project-9462,2232561,2021-07-15T05:29:26.333Z,3373928,9462,MichaelMDC,63264965,Subject
3004053,widthofshoal,project-9462,2232561,2021-07-15T05:37:02.671Z,3373935,9462,MichaelMDC,63266076,Subject
3004086,widthogshoal,project-9462,2232561,2021-07-15T06:09:23.772Z,3373976,9462,MichaelMDC,63264989,Subject
3004231,widthofshoal,project-9462,1769525,2021-07-15T09:30:50.228Z,3374147,9462,Suem28,63264361,Subject
