"subject_id","lake_area_min_ha","lake_area_max_ha","max_depth_min_m","max_depth_max_m","secchi_min_m","secchi_max_m"
63264307,3581.546,NA,26.516,NA,2.133,NA
63264308,48.563,NA,21.03,NA,1.676,NA
63264309,36.22,NA,8.534,NA,2.438,3.048
63264310,36.625,NA,28.04,NA,2.133,NA
63264311,3581.546,NA,26.516,NA,2.133,NA
63264312,50.83,NA,5.181,5.486,1.524,NA
63264313,309.591,NA,11.887,NA,NA,NA
63264314,46.54,NA,19.811,NA,1.219,NA
63264315,50.587,NA,6.096,NA,1.219,NA
63264316,98.341,NA,21.945,NA,NA,NA
63264317,98.341,NA,21.335,NA,NA,NA
63264318,87.009,NA,15.544,NA,4.572,NA
63264319,26.71,NA,2.438,NA,2.438,NA
63264320,101.174,NA,9.753,NA,3.657,NA
63264321,4.047,NA,12.191,NA,NA,NA
63264322,253.946,NA,25.907,NA,3.048,3.657
63264323,60.704,NA,2.133,NA,NA,NA
63264324,60.704,NA,5.181,NA,2.133,NA
63264325,269.122,NA,23.468,NA,3.048,3.657
63264326,6.799,NA,3.048,NA,3.048,NA
63264327,39.458,NA,6.705,NA,2.438,3.048
63264328,13.112,NA,10.667,NA,3.657,NA
63264329,16.188,20.235,4.572,NA,2.743,NA
63264330,18.211,NA,3.657,NA,3.657,NA
63264331,18.211,NA,3.657,NA,3.657,NA
63264332,16.188,20.235,4.572,NA,2.743,NA
63264333,179.28,NA,6.705,NA,2.438,NA
63264334,60.704,NA,5.486,NA,2.743,NA
63264335,202.347,NA,2.133,NA,1.676,NA
63264336,154.593,NA,2.438,NA,2.438,NA
63264337,197.896,NA,15.239,NA,3.657,4.267
63264338,30.352,NA,5.791,NA,1.524,1.829
63264339,48.604,NA,6.705,NA,2.286,NA
63264340,283.286,NA,13.715,NA,3.657,NA
63264341,40.469,NA,0.914,NA,NA,NA
63264342,26.305,NA,18.287,NA,3.962,NA
63264343,6879.806,NA,31.088,NA,2.133,5.486
63264344,6985.026,NA,37.184,NA,3.048,3.657
63264345,196.074,NA,46.327,NA,4.115,5.181
63264346,52.61,NA,4.572,NA,3.048,3.657
63264348,1748.28,NA,30.479,NA,3.048,4.572
63264349,6758.397,NA,22.249,NA,1.829,3.657
63264350,4099.555,NA,15.239,NA,3.657,4.572
63264351,11.129,NA,3.657,NA,NA,NA
63264352,11.129,NA,3.657,NA,NA,NA
63264353,1373.938,NA,24.383,NA,3.048,3.657
63264354,6730.069,NA,44.803,NA,3.048,3.657
63264355,21.651,NA,1.219,NA,1.219,NA
63264356,29.543,NA,27.431,NA,6.629,NA
63264357,6730.069,NA,44.803,NA,3.048,3.657
63264358,21.651,NA,1.219,NA,1.219,NA
63264359,29.543,NA,27.431,NA,6.4,6.705
63264360,29.543,NA,27.431,NA,6.629,NA
63264361,29.543,NA,27.431,NA,6.629,NA
63264362,29.543,NA,27.431,NA,6.629,NA
63264363,29.543,NA,27.431,NA,6.4,6.705
63264364,12.546,NA,12.191,NA,4.572,NA
63264367,12.546,NA,12.191,NA,4.572,NA
63264368,9.713,NA,1.829,NA,1.829,NA
63264369,12.141,NA,7.62,NA,5.181,NA
63264370,226.629,NA,10.667,NA,NA,NA
63264371,14.164,NA,7.62,NA,NA,NA
63264372,3.44,NA,16.458,NA,NA,NA
63264373,333.873,NA,6.096,NA,3.962,NA
63264374,89.033,NA,8.382,NA,NA,NA
63264375,3.764,NA,15.849,NA,NA,NA
63264376,226.629,NA,10.667,NA,NA,NA
63264377,89.033,NA,6.096,NA,NA,NA
63264378,7.568,NA,12.191,NA,NA,NA
63264379,7.568,NA,12.801,NA,NA,NA
63264380,17.402,NA,4.572,NA,NA,NA
63264381,49.089,NA,7.924,NA,7.62,NA
63264382,59.045,NA,16.763,NA,4.877,NA
63264383,9.47,NA,2.438,NA,NA,NA
63264384,26.305,NA,3.657,NA,NA,NA
63264385,106.839,NA,7.315,NA,4.419,NA
63264386,7.608,NA,6.4,NA,3.048,NA
63264387,6.475,NA,NA,NA,NA,NA
63264388,93.08,NA,18.287,NA,NA,NA
63264389,12.303,NA,3.657,NA,NA,NA
63264390,70.822,NA,10.363,NA,3.353,3.657
63264391,47.754,NA,25.907,NA,NA,NA
63264392,5.504,NA,10.972,NA,3.048,NA
63264393,16.188,NA,11.734,NA,2.286,NA
63264394,1.497,NA,5.181,NA,NA,NA
63264395,42.898,NA,6.096,NA,3.353,NA
63264396,106.718,NA,22.249,NA,2.743,3.657
63264397,106.718,NA,22.249,NA,2.743,3.657
63264398,1.214,NA,1.829,NA,NA,NA
63264399,165.925,NA,7.62,NA,NA,NA
63264400,5.504,NA,NA,NA,NA,NA
63264401,54.229,NA,7.62,NA,2.133,2.438
63264402,10.927,NA,2.743,NA,NA,NA
63264403,1.764,NA,12.191,NA,NA,NA
63264404,84.986,NA,23.164,NA,2.895,3.048
63264405,4.047,NA,6.096,NA,NA,NA
63264406,36.423,NA,6.096,NA,NA,NA
63264407,65.156,NA,2.438,NA,1.829,2.438
63264408,80.939,NA,1.829,NA,NA,NA
63264409,16.997,NA,3.048,NA,3.048,NA
63264410,17.402,NA,18.592,NA,3.81,4.115
63264411,40.469,NA,3.048,NA,NA,NA
63264412,22.056,NA,15.849,NA,4.724,NA
63264414,16.188,NA,10.667,NA,3.048,3.353
63264415,75.152,NA,8.229,NA,1.422,NA
63264416,17.402,NA,NA,NA,0.61,NA
63264417,20.235,NA,20.725,NA,3.962,NA
63264418,5.261,NA,12.191,NA,5.181,NA
63264419,10.805,NA,2.743,NA,1.829,NA
63264420,9.308,NA,14.325,NA,NA,NA
63264421,184.136,NA,16.763,NA,2.133,NA
63264422,777.013,NA,19.811,NA,3.962,4.572
63264425,220.425,NA,23.773,NA,2.591,3.048
63264426,4.087,NA,10.058,NA,3.2,NA
63264427,341.967,NA,28.04,NA,3.962,NA
63264428,4.856,NA,14.63,NA,2.133,NA
63264429,28.733,NA,10.667,NA,NA,NA
63264430,5.382,NA,9.448,NA,3.734,NA
63264431,1.781,NA,6.4,NA,2.337,NA
63264432,14.974,NA,12.191,NA,NA,NA
63264433,118.98,NA,5.791,NA,0.305,0.61
63264434,97.127,NA,9.144,NA,0.914,1.524
63264435,72.845,NA,8.534,NA,NA,NA
63264436,1.619,NA,6.4,NA,NA,NA
63264437,4.047,NA,7.62,NA,NA,NA
63264438,2.145,NA,4.572,NA,3.81,NA
63264439,801.295,NA,12.191,NA,0.914,2.438
63264440,3.966,NA,7.62,NA,3.657,NA
63264441,140.024,NA,7.62,NA,1.829,2.286
63264442,2.023,2.428,7.924,NA,NA,NA
63264443,7.163,NA,4.877,NA,NA,NA
63264444,31.971,NA,12.496,NA,3.657,3.962
63264445,25.091,NA,5.486,6.096,2.895,NA
63264446,77.297,NA,3.657,3.962,NA,NA
63264447,80.939,NA,3.657,4.572,NA,NA
63264448,6.07,NA,5.486,NA,1.219,NA
63264449,210.441,NA,6.096,NA,NA,NA
63264450,9.308,NA,6.096,NA,3.353,NA
63264451,8.094,NA,13.715,NA,NA,NA
63264452,4.047,NA,7.62,9.144,0.914,NA
63264453,11.331,NA,15.849,NA,2.438,NA
63264454,23.068,NA,6.705,NA,2.438,NA
63264455,204.775,NA,6.096,NA,NA,NA
63264456,23.068,NA,6.705,NA,2.438,NA
63264457,2.023,NA,15.544,NA,3.962,NA
63264458,5.706,NA,12.191,NA,2.743,NA
63264459,33.59,NA,1.219,1.524,0.914,NA
63264460,26.305,NA,6.096,NA,2.286,2.743
63264462,229.017,NA,20.116,NA,2.133,3.962
63264466,16.997,NA,19.811,NA,6.705,NA
63264468,246.864,NA,7.62,NA,NA,NA
63264469,10.522,NA,6.096,NA,NA,NA
63264470,36.827,NA,14.325,NA,4.267,4.572
63264472,8.094,NA,3.048,NA,2.133,NA
63264474,20.235,NA,5.486,NA,NA,NA
63264475,8.984,NA,18.287,NA,NA,NA
63264476,50.182,NA,22.859,NA,NA,NA
63264477,23.472,NA,10.972,NA,4.267,4.572
63264478,4.047,NA,6.096,6.705,2.591,NA
63264479,5981.789,NA,11.277,NA,0.61,2.743
63264480,13.962,NA,3.962,4.572,1.829,NA
63264481,16.188,NA,7.62,NA,NA,NA
63264482,10.117,NA,1.829,NA,NA,NA
63264483,14.367,NA,3.962,NA,NA,NA
63264484,16.188,NA,7.01,NA,6.1,NA
63264485,6.07,NA,10.667,NA,2.286,NA
63264486,17.402,NA,9.144,NA,1.829,2.133
63264487,76.083,NA,2.133,NA,NA,NA
63264488,4.047,NA,17.373,NA,3.048,NA
63264489,12.546,NA,10.667,NA,NA,NA
63264491,34.601,NA,24.383,NA,5.181,NA
63264492,10.117,NA,6.096,NA,1.676,NA
63264493,8.094,NA,6.096,NA,3.962,NA
63264494,7.042,NA,NA,NA,NA,NA
63264495,1740.186,NA,11.582,NA,1.067,1.219
63264496,11.331,NA,6.096,NA,3.048,3.353
63264497,6.435,NA,6.4,NA,NA,NA
63264498,5.544,NA,5.181,NA,2.286,NA
63264499,1740.186,NA,11.582,NA,1.524,NA
63264501,128.612,NA,12.191,NA,1.829,1.981
63264502,10.117,NA,12.191,NA,0.229,0.254
63264503,25.739,NA,1.829,2.133,1.219,NA
63264504,194.658,NA,4.572,NA,2.743,NA
63264506,3.845,NA,13.715,NA,NA,NA
63264507,5.382,NA,18.287,NA,1.981,NA
63264508,25.739,NA,1.829,2.133,1.219,NA
63264510,5.261,NA,9.144,NA,3.657,3.962
63264511,23.472,NA,11.887,NA,2.438,2.743
63264512,27.115,NA,6.705,NA,3.048,3.353
63264513,37.637,NA,12.191,NA,NA,NA
63264514,21.854,NA,11.887,NA,NA,NA
63264515,5.382,8.499,20.116,NA,1.524,2.438
63264517,3.238,NA,3.048,NA,NA,NA
63264518,20.113,NA,19.811,NA,NA,NA
63264520,48.563,NA,18.287,NA,NA,NA
63264521,3.157,NA,13.411,NA,NA,NA
63264522,18.211,NA,24.383,NA,NA,NA
63264523,20.113,NA,NA,NA,4.724,NA
63264526,127.074,NA,4.572,NA,0.762,NA
63264527,127.074,NA,4.572,NA,1.219,NA
63264528,20.235,NA,13.715,NA,3.353,3.657
63264529,20.113,NA,19.811,NA,NA,NA
63264530,10.522,NA,4.572,NA,2.133,2.438
63264535,2.023,NA,17.068,NA,0.914,1.219
63264538,18.211,NA,10.667,NA,3.048,3.353
63264541,177.742,NA,4.572,NA,0.457,NA
63264542,9.632,NA,NA,NA,NA,NA
63264543,8.499,NA,8.534,NA,1.524,1.829
63264544,93.08,NA,2.133,NA,NA,NA
63264545,65.965,NA,12.191,NA,1.829,2.133
63264546,3.723,NA,3.353,NA,0.914,1.219
63264547,12.95,NA,NA,NA,NA,NA
63264548,11.635,NA,13.715,NA,1.524,2.133
63264549,16.188,NA,6.096,NA,2.743,3.048
63264550,436.544,NA,24.688,NA,1.219,5.486
63264551,36.018,NA,5.791,NA,NA,NA
63264552,11.736,NA,16.458,NA,1.372,NA
63264553,138.81,NA,8.839,NA,1.981,NA
63264554,159.854,NA,NA,NA,NA,NA
63264557,137.191,NA,18.5,NA,2.895,NA
63264558,137.11,NA,19.506,NA,3.962,NA
63264559,32.376,NA,12.191,NA,NA,NA
63264560,32.376,NA,12.191,NA,NA,NA
63264561,32.376,NA,12.191,NA,NA,NA
63264562,12.95,NA,11.887,NA,3.353,NA
63264563,80.939,NA,12.191,NA,NA,NA
63264564,72.845,NA,NA,NA,NA,NA
63264565,78.915,NA,21.03,NA,NA,NA
63264566,80.939,NA,12.191,NA,NA,NA
63264567,1.214,NA,7.315,NA,NA,NA
63264568,24.282,NA,9.144,NA,NA,NA
63264569,2.428,NA,9.144,NA,NA,NA
63264570,14.974,NA,NA,NA,NA,NA
63264571,10.117,NA,NA,NA,NA,NA
63264572,1.214,NA,3.048,NA,NA,NA
63264573,14.974,NA,8.534,NA,NA,NA
63264574,8.094,NA,1.219,NA,NA,NA
63264575,781.06,NA,29.869,NA,3.81,NA
63264576,298.665,NA,18.287,NA,3.962,NA
63264577,249.696,NA,18.287,NA,NA,NA
63264579,48.563,NA,0.61,0.914,NA,NA
63264580,804.128,NA,31.088,NA,NA,NA
63264581,2428.167,NA,18.287,NA,3.657,NA
63264582,809.389,NA,31.088,NA,3.048,NA
63264583,7.446,NA,7.62,NA,NA,NA
63264584,14.974,NA,2.438,NA,NA,NA
63264585,97.936,NA,8.229,NA,3.81,NA
63264587,48.563,NA,0.61,0.914,NA,NA
63264588,1157.426,NA,26.821,NA,4.572,NA
63264589,1157.426,NA,26.821,NA,NA,NA
63264590,40.469,NA,0.914,NA,NA,NA
63264591,0.809,NA,4.572,6.096,NA,NA
63264592,48.563,NA,12.191,NA,NA,NA
63264593,6.313,NA,NA,NA,NA,NA
63264595,5.747,NA,14.02,NA,NA,NA
63264596,8.094,NA,9.144,NA,NA,NA
63264597,5.747,NA,14.02,NA,3.048,NA
63264598,242.817,NA,29.259,NA,5.029,NA
63264599,242.817,NA,29.259,NA,NA,NA
63264600,242.817,NA,29.259,NA,NA,NA
63264601,182.113,NA,13.715,NA,NA,NA
63264603,6.07,NA,17.678,NA,8.534,NA
63264605,3.521,NA,5.791,NA,NA,NA
63264608,4.047,4.856,15.239,NA,NA,NA
63264609,2.833,NA,2.133,NA,1.524,NA
63264610,6.677,NA,6.705,NA,NA,NA
63264611,12.141,NA,1.829,NA,NA,NA
63264612,7.285,NA,5.486,NA,NA,NA
63264613,18.211,NA,12.496,NA,NA,NA
63264614,21.651,NA,27.431,NA,5.791,NA
63264615,6.677,NA,6.4,NA,2.895,NA
63264616,103.197,NA,12.191,NA,2.438,NA
63264617,16.592,NA,6.4,NA,1.219,1.524
63264618,3.238,NA,10.058,NA,3.048,NA
63264619,5.18,NA,17.982,NA,1.219,NA
63264620,72.44,NA,3.657,NA,1.219,NA
63264621,8.094,NA,8.839,NA,NA,NA
63264622,NA,NA,3.048,3.657,1.067,NA
63264623,10.117,NA,11.582,NA,NA,NA
63264625,8.094,NA,7.924,NA,NA,NA
63264626,273.169,NA,2.743,NA,1.829,NA
63264627,7.568,NA,8.229,NA,3.048,NA
63264628,360.178,NA,8.839,NA,NA,NA
63264629,4.856,NA,NA,NA,NA,NA
63264630,118.171,NA,12.191,NA,2.591,NA
63264631,40.874,NA,6.4,NA,1.524,1.676
63264632,5.666,NA,9.144,NA,NA,NA
63264633,12.141,NA,5.486,NA,0.914,NA
63264634,36.423,NA,3.048,NA,NA,NA
63264635,3.278,NA,5.791,NA,2.438,NA
63264636,12.141,NA,10.058,NA,NA,NA
63264637,4.452,NA,2.438,NA,1.524,NA
63264638,2.428,NA,9.144,NA,1.219,1.524
63264639,2.833,3.238,3.962,NA,3.048,NA
63264640,5.463,NA,12.191,NA,4.877,NA
63264641,1.214,NA,2.743,NA,NA,NA
63264642,144.071,NA,17.373,NA,1.219,NA
63264643,183.124,NA,11.277,NA,1.88,NA
63264644,128.45,NA,10.972,NA,1.676,NA
63264645,20.032,NA,6.705,NA,4.572,NA
63264646,16.592,NA,5.181,NA,3.048,NA
63264647,13.76,NA,9.144,NA,5.486,6.248
63264648,11.331,NA,6.096,NA,2.133,2.286
63264649,88.223,NA,4.572,NA,4.572,NA
63264650,26.507,NA,5.181,NA,3.048,NA
63264651,23.27,NA,2.743,NA,2.133,NA
63264652,45.326,NA,7.62,NA,3.353,NA
63264653,188.183,NA,18.897,NA,3.353,4.267
63264654,71.226,NA,4.267,NA,1.981,NA
63264655,76.892,NA,4.877,NA,3.657,3.81
63264656,37.03,NA,4.572,NA,2.286,NA
63264657,168.758,NA,39.012,NA,4.572,NA
63264658,3.642,NA,12.801,NA,2.743,NA
63264659,96.722,NA,7.62,NA,4.572,NA
63264660,16.188,NA,5.486,NA,NA,NA
63264661,30.352,NA,2.286,NA,1.219,NA
63264662,28.329,NA,2.438,NA,1.829,NA
63264663,10.514,NA,13.715,NA,NA,NA
63264664,65.561,NA,11.887,NA,NA,NA
63264665,101.376,NA,6.096,NA,1.524,NA
63264667,40.469,NA,12.801,NA,3.657,5.486
63264668,16.188,NA,10.363,NA,3.048,NA
63264669,22.663,NA,7.62,NA,NA,NA
63264670,4.614,NA,16.763,NA,4.877,NA
63264671,3.238,NA,NA,NA,3.048,NA
63264673,22.663,NA,7.62,NA,NA,NA
63264674,4.856,NA,NA,NA,NA,NA
63264675,40.469,NA,NA,NA,1.219,1.524
63264676,70.417,NA,8.534,NA,2.743,NA
63264677,50.587,NA,15.239,NA,NA,NA
63264678,40.469,NA,NA,NA,1.219,1.524
63264680,51.801,NA,12.191,NA,NA,NA
63264681,14.164,NA,8.534,NA,0.457,NA
63264682,16.188,NA,7.924,NA,NA,NA
63264683,145.69,NA,15.239,NA,4.572,NA
63264684,31.971,NA,7.01,NA,NA,NA
63264685,0.809,NA,NA,NA,NA,NA
63264686,115.338,NA,30.479,NA,9.144,NA
63264687,11.736,NA,9.144,NA,NA,NA
63264688,25.9,NA,10.667,NA,2.438,NA
63264689,25.9,NA,10.667,NA,2.438,NA
63264690,236.463,NA,16.458,NA,3.048,NA
63264692,11.331,NA,3.657,NA,NA,NA
63264694,32.376,NA,10.667,NA,NA,NA
63264695,402.266,NA,4.267,NA,NA,NA
63264696,21.449,NA,6.096,NA,NA,NA
63264697,34.399,NA,10.667,NA,4.877,NA
63264698,66.775,NA,6.096,NA,NA,NA
63264699,191.42,NA,16.458,NA,3.353,3.657
63264700,125.455,NA,11.887,NA,NA,NA
63264701,46.54,NA,12.191,NA,NA,NA
63264702,23.877,NA,9.144,NA,NA,NA
63264703,46.54,NA,12.191,NA,NA,NA
63264704,39.66,NA,5.181,NA,NA,NA
63264705,103.318,NA,7.62,NA,1.219,NA
63264706,6.07,NA,6.096,NA,NA,NA
63264707,30.352,NA,10.667,NA,NA,NA
63264708,119.061,NA,19.811,NA,1.524,NA
63264709,1.214,NA,5.334,NA,NA,NA
63264710,30.352,NA,8.229,NA,1.092,NA
63264711,3.238,NA,NA,NA,NA,NA
63264712,0.809,NA,2.133,NA,NA,NA
63264713,222.582,NA,15.087,NA,2.133,2.286
63264714,13.76,NA,6.4,NA,2.133,2.438
63264715,27.317,NA,2.133,NA,1.829,NA
63264716,145.69,NA,12.191,NA,2.438,2.743
63264717,5.099,NA,2.438,NA,1.829,NA
63264718,27.317,NA,6.4,NA,1.676,1.829
63264719,2.347,NA,5.791,NA,0.914,NA
63264720,62.728,NA,9.144,NA,2.286,NA
63264721,28.126,NA,19.506,NA,4.267,NA
63264722,42.493,NA,7.01,NA,1.829,NA
63264723,2.347,NA,0.914,NA,NA,NA
63264724,204.371,NA,12.801,NA,3.81,NA
63264725,6.556,NA,1.219,NA,NA,NA
63264726,4.249,NA,3.048,NA,2.743,NA
63264727,424.929,NA,3.353,NA,0.914,NA
63264728,28.329,NA,9.753,NA,2.438,NA
63264729,80.939,NA,15.849,NA,NA,NA
63264730,90.652,NA,2.438,NA,NA,NA
63264731,28.329,NA,9.753,NA,2.438,NA
63264732,89.842,NA,15.849,NA,2.286,NA
63264733,29.543,NA,9.753,NA,2.133,2.438
63264734,1.012,NA,1.524,NA,NA,NA
63264735,2.064,NA,3.657,NA,1.219,1.524
63264736,279.239,NA,21.03,NA,3.048,NA
63264737,232.699,NA,17.373,NA,4.115,NA
63264738,0.769,NA,4.877,NA,2.133,2.438
63264739,20.235,NA,NA,NA,NA,NA
63264741,4.492,NA,7.315,NA,2.743,3.048
63264742,2.55,NA,4.724,NA,1.829,2.133
63264743,40.469,NA,17.22,NA,NA,NA
63264744,48.563,NA,10.667,NA,4.267,NA
63264745,9.713,NA,7.62,NA,2.133,NA
63264746,46.135,NA,26.212,NA,2.438,NA
63264747,135.573,NA,3.657,NA,0.381,NA
63264748,21.449,NA,12.801,NA,6.705,NA
63264749,45.73,NA,29.259,NA,NA,NA
63264750,21.449,NA,7.315,NA,2.337,NA
63264751,9.713,NA,8.534,NA,3.2,NA
63264752,22.056,NA,23.773,NA,1.981,NA
63264753,34.804,NA,3.657,NA,NA,NA
63264754,21.044,NA,12.191,NA,4.877,NA
63264755,32.78,NA,22.249,NA,NA,NA
63264756,348.037,NA,5.486,NA,1.753,NA
63264757,10.522,NA,19.6,NA,3.657,4.572
63264758,8.094,NA,13.106,NA,5.486,NA
63264759,13.355,NA,NA,NA,6.096,NA
63264760,16.188,NA,10.667,NA,NA,NA
63264761,54.229,NA,18.287,NA,6.096,NA
63264762,16.997,NA,NA,NA,NA,NA
63264763,83.772,NA,27.431,NA,3.657,NA
63264764,40.874,NA,12.679,NA,3.962,NA
63264765,4.087,NA,8.229,NA,2.743,NA
63264766,19.83,NA,11.887,NA,2.743,NA
63264767,19.83,NA,11.887,NA,2.743,NA
63264768,4.087,NA,8.229,NA,2.743,NA
63264769,30.352,NA,6.096,NA,NA,NA
63264770,4.047,NA,8.385,NA,NA,NA
63264772,24.282,NA,15.849,NA,NA,NA
63264773,76.892,NA,12.801,NA,NA,NA
63264774,14.164,NA,4.572,NA,NA,NA
63264775,50.587,NA,15.544,NA,2.438,NA
63264776,48.563,NA,14.325,NA,3.962,NA
63264777,1.497,NA,3.657,NA,2.743,NA
63264778,1.497,NA,3.657,NA,2.743,NA
63264779,8.822,NA,8.839,NA,4.724,NA
63264780,166.329,NA,20.421,NA,3.657,NA
63264781,5.787,NA,7.62,NA,2.743,NA
63264782,14.164,NA,7.62,NA,3.353,NA
63264783,166.329,NA,20.421,NA,3.657,NA
63264784,42.088,NA,14.63,NA,2.438,2.743
63264785,5.787,NA,7.62,NA,2.743,NA
63264786,12.141,NA,25.907,NA,NA,NA
63264787,12.141,NA,18.287,NA,NA,NA
63264788,24.282,NA,13.106,NA,NA,NA
63264789,129.502,NA,21.945,NA,3.505,3.657
63264790,90.247,NA,13.715,NA,2.286,NA
63264791,107.244,NA,15.544,NA,1.829,NA
63264792,16.188,NA,16.763,NA,NA,NA
63264793,70.822,NA,16.154,NA,NA,NA
63264794,6.07,NA,5.181,NA,NA,NA
63264795,60.704,NA,16.763,NA,NA,NA
63264796,8.094,NA,8.534,NA,NA,NA
63264797,38.648,NA,10.667,NA,2.743,NA
63264798,80.939,NA,18.287,NA,3.657,NA
63264799,34.804,NA,25.907,NA,4.267,NA
63264800,8.094,NA,10.667,NA,NA,NA
63264801,72.845,NA,11.277,NA,3.962,NA
63264802,169.162,NA,17.373,NA,2.591,NA
63264803,32.376,NA,12.191,NA,NA,NA
63264804,82.558,NA,2.743,NA,0.914,1.067
63264805,12.141,NA,3.048,NA,2.133,NA
63264806,93.484,NA,14.63,NA,3.048,3.657
63264808,1.457,NA,2.438,NA,2.133,2.438
63264809,10.117,NA,3.657,NA,1.524,1.829
63264810,581.951,NA,23.773,NA,4.877,NA
63264811,463.78,NA,11.887,NA,2.438,NA
63264812,21.246,NA,8.229,NA,2.438,2.438
63264814,21.246,NA,8.229,NA,2.438,2.438
63264815,4.856,NA,1.829,NA,NA,NA
63264816,4.856,NA,1.829,NA,NA,NA
63264817,21.854,NA,13.715,NA,NA,NA
63264818,367.058,NA,7.62,NA,NA,NA
63264819,121.408,NA,14.63,NA,NA,NA
63264820,281.263,NA,9.144,NA,2.743,NA
63264821,369.081,NA,7.62,NA,2.743,NA
63264822,369.081,NA,6.096,NA,2.438,NA
63264823,6.07,NA,NA,NA,NA,NA
63264824,23.877,NA,9.144,NA,NA,NA
63264825,3.399,NA,3.353,NA,3.353,NA
63264826,2.023,NA,6.096,NA,NA,NA
63264827,6.313,NA,6.096,NA,3.353,NA
63264828,35.856,NA,13.106,NA,NA,NA
63264829,4.047,NA,6.096,NA,NA,NA
63264830,36.423,NA,NA,NA,NA,NA
63264831,23.634,NA,12.801,NA,4.267,NA
63264832,42.493,NA,6.705,NA,NA,NA
63264833,14.164,NA,9.144,NA,NA,NA
63264834,2.266,NA,9.144,NA,NA,NA
63264835,42.493,NA,6.705,NA,NA,NA
63264836,64.751,NA,9.448,NA,5.486,NA
63264837,38.244,NA,12.191,NA,NA,NA
63264839,4.047,NA,3.048,3.657,NA,NA
63264840,16.188,NA,2.286,NA,NA,NA
63264842,19.83,NA,8.534,NA,4.877,NA
63264843,16.188,NA,6.096,NA,NA,NA
63264844,18.616,NA,4.572,NA,NA,NA
63264845,15.904,NA,10.058,NA,NA,NA
63264846,20.437,NA,15.239,NA,4.877,NA
63264847,15.904,NA,10.972,NA,4.572,NA
63264848,7.082,NA,7.62,NA,NA,NA
63264849,16.188,NA,NA,NA,NA,NA
63264850,25.9,NA,12.191,NA,NA,NA
63264851,6.07,NA,4.572,NA,NA,NA
63264852,2.428,NA,6.096,NA,NA,NA
63264853,14.164,NA,9.144,NA,NA,NA
63264854,9.308,NA,7.62,NA,NA,NA
63264855,369.081,NA,7.62,NA,NA,NA
63264856,14.245,783.488,7.62,NA,NA,NA
63264857,369.081,NA,6.096,NA,2.438,NA
63264858,4.047,NA,9.144,NA,NA,NA
63264859,369.081,NA,7.62,NA,2.743,NA
63264860,367.058,NA,7.62,NA,NA,NA
63264861,4.047,NA,9.144,NA,5.791,NA
63264862,4.047,NA,6.096,NA,3.048,NA
63264863,6.07,NA,6.096,NA,1.829,NA
63264864,12.95,NA,7.62,NA,3.81,NA
63264865,4.533,NA,10.667,NA,NA,NA
63264866,169.162,NA,3.962,NA,3.353,NA
63264867,22.663,NA,20.421,NA,3.048,NA
63264868,4.047,6.07,12.191,NA,3.353,3.505
63264869,28.329,NA,12.191,NA,4.115,4.267
63264870,2.266,NA,10.667,NA,2.438,2.591
63264871,48.563,NA,16.763,NA,3.962,NA
63264872,30.352,NA,11.277,NA,3.505,NA
63264873,8.094,NA,NA,NA,NA,NA
63264874,7.285,NA,8.534,NA,3.048,NA
63264875,4.573,NA,5.181,NA,3.657,3.81
63264876,1.619,NA,3.353,NA,2.286,2.438
63264877,2.023,NA,2.438,NA,NA,NA
63264878,9.591,NA,6.4,NA,1.981,2.133
63264879,167.544,NA,7.62,NA,5.486,NA
63264880,167.544,NA,7.62,NA,5.486,NA
63264881,21.449,NA,14.02,NA,5.791,5.943
63264882,4.047,NA,16.763,NA,0.457,NA
63264883,18.009,NA,7.62,NA,3.048,NA
63264884,27.519,NA,35.965,NA,2.438,NA
63264885,0.445,NA,4.572,NA,3.505,3.657
63264886,1.416,NA,6.705,NA,3.657,3.81
63264887,0.162,NA,5.181,NA,3.81,3.962
63264888,4.047,NA,3.962,NA,NA,NA
63264889,48.159,NA,16.458,NA,1.829,NA
63264890,125.455,NA,21.335,NA,2.438,NA
63264891,106.03,NA,16.154,NA,3.962,NA
63264892,30.757,NA,9.144,NA,1.219,NA
63264893,1.538,NA,6.705,NA,1.981,2.133
63264894,103.966,NA,15.849,NA,2.591,2.692
63264895,30.919,NA,10.058,NA,2.438,NA
63264896,61.514,NA,12.801,NA,2.743,NA
63264897,62.606,NA,13.411,NA,2.083,NA
63264898,104.006,NA,15.239,NA,1.524,NA
63264899,31.161,NA,23.773,NA,4.877,NA
63264900,16.997,NA,19.201,NA,6.553,NA
63264901,5.018,NA,1.524,NA,NA,NA
63264902,72.845,NA,19.811,NA,NA,NA
63264903,10.117,NA,5.181,NA,NA,NA
63264904,121.408,NA,NA,NA,NA,NA
63264905,10.117,NA,12.191,NA,NA,NA
63264906,118.171,NA,NA,NA,3.048,NA
63264907,26.71,NA,23.164,NA,8.229,NA
63264908,9.753,NA,11.887,NA,5.486,NA
63264909,118.171,NA,NA,NA,3.048,NA
63264910,2.55,NA,14.325,NA,4.572,NA
63264911,8.094,NA,14.325,NA,6.4,NA
63264912,41.684,NA,18.592,NA,NA,NA
63264913,19.021,NA,20.725,NA,10.667,NA
63264914,2.428,NA,14.325,NA,NA,NA
63264915,705.787,NA,7.2,NA,NA,NA
63264916,1711.858,NA,9.144,NA,1.829,3.048
63264917,402.671,NA,5.486,NA,NA,NA
63264918,1051.396,NA,18.287,NA,NA,NA
63264919,20.235,NA,10.667,NA,NA,NA
63264920,10.805,NA,6.705,NA,2.133,2.133
63264921,31.161,NA,23.773,NA,4.877,NA
63264922,26.285,NA,16.763,NA,2.133,NA
63264923,26.305,NA,15.239,NA,1.524,NA
63264924,26.912,NA,12.191,NA,NA,NA
63264925,7.77,NA,9.144,NA,NA,NA
63264926,0.405,0.809,7.01,NA,2.438,3.048
63264927,7.77,NA,12.191,NA,3.505,3.657
63264928,63.132,NA,9.144,NA,1.067,NA
63264929,13.153,NA,9.144,NA,3.657,NA
63264930,188.588,NA,9.753,NA,1.676,NA
63264931,50.182,NA,3.962,NA,NA,NA
63264932,44.638,NA,4.877,NA,2.438,2.743
63264935,8.58,NA,8.839,NA,1.676,NA
63264936,0.826,NA,5.181,NA,1.524,NA
63264937,1.829,NA,6.4,7.62,3.353,NA
63264938,2.064,NA,7.62,NA,2.743,NA
63264939,115.014,NA,13.106,NA,1.524,1.829
63264941,18.818,NA,15.544,NA,5.791,NA
63264942,45.73,NA,18.592,NA,3.353,NA
63264943,44.921,NA,5.791,NA,2.743,NA
63264944,90.652,NA,8.229,9.144,2.438,NA
63264945,46.54,NA,15.239,NA,NA,NA
63264946,68.798,NA,17.678,NA,NA,NA
63264947,6.006,NA,18.287,NA,6.096,7.315
63264949,14.367,NA,9.144,NA,NA,NA
63264950,36.018,NA,12.496,NA,4.267,NA
63264951,26.71,NA,5.486,NA,1.524,NA
63264952,26.71,NA,5.486,NA,3.353,3.556
63264953,35.168,NA,9.144,NA,3.353,NA
63264954,21.854,NA,8.534,NA,NA,NA
63264955,75.678,NA,12.496,NA,1.829,NA
63264956,16.997,NA,16.763,NA,NA,NA
63264957,11.615,NA,NA,NA,2.743,NA
63264959,109.672,NA,15.849,NA,4.877,NA
63264960,17.645,NA,3.048,NA,1.524,1.676
63264961,279.239,NA,7.62,NA,1.829,NA
63264962,14.974,NA,14.934,NA,NA,NA
63264964,19.83,NA,13.715,NA,4.877,NA
63264965,5.221,NA,5.181,NA,3.657,NA
63264966,70.417,NA,15.239,NA,2.133,NA
63264968,9.106,NA,15.239,17.373,2.438,NA
63264969,70.417,NA,15.239,NA,2.743,NA
63264970,69.284,NA,15.849,NA,5.486,NA
63264971,108.863,NA,10.363,NA,2.133,NA
63264972,34.399,NA,16.458,NA,2.743,NA
63264973,52.61,NA,16.154,NA,5.486,6.4
63264974,69.446,NA,7.315,NA,1.829,2.133
63264975,14.933,NA,7.315,NA,4.877,5.181
63264977,0.607,NA,NA,NA,1.524,NA
63264978,34.561,NA,7.62,NA,2.133,2.438
63264979,29.34,NA,5.486,NA,2.743,NA
63264980,32.983,NA,8.229,NA,2.743,NA
63264981,36.018,NA,14.63,NA,4.877,NA
63264982,13.557,NA,12.496,NA,4.572,NA
63264983,69.607,NA,10.667,NA,1.829,2.438
63264984,75.273,NA,28.955,NA,2.133,NA
63264985,25.9,NA,19.811,NA,7.315,7.62
63264986,53.703,NA,3.657,NA,1.676,NA
63264987,890.328,NA,NA,NA,1.402,NA
63264988,0.405,NA,2.286,NA,0.381,NA
63264989,33.59,NA,12.191,NA,2.133,NA
63264990,14.164,NA,11.277,NA,3.657,NA
63264991,17.564,NA,10.667,NA,1.067,3.048
63264992,4.452,NA,11.277,NA,1.219,NA
63264993,1.619,NA,3.962,NA,3.962,NA
63264994,16.188,NA,17.678,NA,NA,NA
63264995,2.428,NA,12.191,NA,2.438,NA
63264996,4.047,NA,7.924,NA,NA,NA
63264997,12.141,16.188,16.001,NA,3.353,4.267
63264998,1.214,NA,3.657,NA,1.829,NA
63264999,1.214,NA,3.657,NA,1.829,NA
63265001,8.094,NA,NA,NA,0.762,NA
63265002,14.164,NA,3.657,NA,0.914,NA
63265004,16.188,NA,10.972,NA,4.267,5.181
63265005,82.558,NA,25.907,NA,NA,NA
63265006,24.889,NA,NA,NA,NA,NA
63265007,2.023,NA,12.801,NA,NA,NA
63265008,13.962,NA,8.229,NA,1.829,4.724
63265009,34.399,NA,15.239,NA,2.591,NA
63265010,6.88,NA,9.448,NA,NA,NA
63265011,62.728,NA,NA,NA,NA,NA
63265013,30.393,NA,3.657,NA,1.524,NA
63265014,149.818,NA,10.363,NA,2.514,NA
63265015,13.76,NA,7.924,NA,2.133,NA
63265016,19.425,NA,18.897,NA,NA,NA
63265017,36.584,NA,15.239,NA,8.229,8.839
63265018,60.704,NA,13.411,NA,5.486,NA
63265019,43.707,NA,16.458,NA,3.2,NA
63265020,37.434,NA,3.657,NA,0.71,0.838
63265021,122.218,NA,10.058,NA,2.438,NA
63265022,122.218,NA,10.058,NA,2.438,NA
63265024,260.623,NA,25.602,NA,2.895,3.048
63265025,49.777,NA,14.63,NA,NA,NA
63265027,49.777,NA,14.63,NA,NA,NA
63265028,87.819,NA,6.096,NA,2.743,3.657
63265029,18.616,NA,3.657,NA,NA,NA
63265030,45.73,NA,6.096,NA,4.877,NA
63265031,29.543,NA,8.229,NA,2.438,3.2
63265032,45.73,NA,6.096,NA,4.877,NA
63265033,394.577,NA,11.582,NA,2.438,2.642
63265034,7.204,NA,4.267,NA,2.895,NA
63265035,6.718,NA,9.144,NA,3.962,NA
63265036,394.577,NA,11.582,NA,2.438,2.639
63265037,105.625,NA,4.877,NA,0.381,1.143
63265038,103.602,NA,5.486,NA,2.591,NA
63265039,99.15,NA,26.516,NA,4.267,NA
63265040,105.625,NA,4.877,NA,0.381,1.143
63265041,NA,NA,2.438,NA,NA,NA
63265043,40.874,NA,12.801,NA,2.895,NA
63265044,273.978,NA,19.811,NA,4.267,NA
63265045,11.534,NA,17.678,NA,3.048,NA
63265046,146.499,NA,9.144,NA,3.81,NA
63265047,4.047,NA,11.582,NA,NA,NA
63265048,17.807,NA,9.144,NA,2.286,NA
63265049,50.992,NA,24.688,NA,3.962,NA
63265050,30.352,NA,22.859,NA,4.267,NA
63265051,8.094,NA,NA,NA,NA,NA
63265052,15.581,NA,26.516,NA,3.962,NA
63265053,141.643,NA,10.667,NA,NA,NA
63265055,80.939,NA,12.801,NA,3.048,NA
63265057,8.094,NA,1.219,NA,NA,NA
63265058,49.373,NA,12.496,NA,3.048,NA
63265059,2.752,NA,10.667,NA,2.133,NA
63265060,798.057,NA,7.01,NA,2.743,3.657
63265061,28.733,NA,7.62,NA,NA,NA
63265062,435.047,NA,3.048,3.353,2.438,NA
63265063,1.214,NA,8.229,NA,NA,NA
63265064,11.736,NA,20.116,NA,4.572,NA
63265065,27.115,NA,16.763,NA,6.096,NA
63265066,16.997,NA,26.212,NA,4.572,5.181
63265067,6.313,NA,9.753,NA,4.724,NA
63265068,90.652,NA,18.287,NA,2.743,3.048
63265069,4.006,NA,7.924,NA,3.048,NA
63265070,4.168,NA,9.144,NA,7.924,NA
63265071,5.261,NA,NA,NA,3.2,3.505
63265072,6.88,NA,16.763,NA,3.962,NA
63265073,4.047,NA,NA,NA,NA,NA
63265074,4.168,NA,10.972,NA,3.81,NA
63265075,5.666,NA,12.496,NA,4.572,NA
63265076,5.666,NA,15.239,NA,3.048,NA
63265077,335.896,NA,9.144,NA,2.438,NA
63265078,25.9,NA,7.62,NA,NA,NA
63265079,14.164,NA,4.572,NA,2.743,NA
63265080,9.308,NA,NA,NA,NA,NA
63265081,20.235,NA,38.403,NA,NA,NA
63265082,2.023,NA,8.229,NA,NA,NA
63265083,5.099,NA,9.448,NA,2.743,NA
63265084,5.099,NA,9.144,NA,2.743,NA
63265085,6.718,NA,15.239,NA,NA,NA
63265088,2.226,NA,4.267,NA,2.591,NA
63265089,5.666,NA,NA,NA,3.505,NA
63265090,1.214,1.619,4.419,NA,1.981,NA
63265091,4.856,NA,3.048,NA,NA,NA
63265092,16.188,NA,0.914,NA,NA,NA
63265094,14.164,NA,3.048,NA,2.743,NA
63265095,7.851,NA,1.829,NA,1.676,NA
63265096,0.809,NA,NA,NA,NA,NA
63265097,60.704,NA,12.191,NA,NA,NA
63265098,84.986,NA,4.115,NA,3.353,NA
63265099,10.117,NA,2.438,NA,NA,NA
63265100,6.07,NA,NA,NA,NA,NA
63265101,2.226,NA,1.524,NA,NA,NA
63265102,20.235,NA,3.657,NA,1.524,NA
63265103,12.141,NA,9.144,NA,NA,NA
63265104,28.329,NA,NA,NA,NA,NA
63265105,12.829,NA,6.705,NA,2.133,NA
63265106,12.829,NA,6.705,NA,3.657,NA
63265107,6.07,NA,5.486,NA,NA,NA
63265108,12.141,NA,2.438,NA,1.829,NA
63265109,6.07,NA,11.582,NA,NA,NA
63265110,0.405,NA,5.486,NA,3.353,NA
63265111,4.411,NA,11.582,NA,NA,NA
63265112,40.065,NA,2.438,NA,NA,NA
63265113,2.266,NA,NA,NA,1.219,NA
63265114,13.153,NA,6.096,NA,NA,NA
63265115,4.047,NA,7.62,NA,NA,NA
63265117,0.607,NA,10.667,NA,1.829,NA
63265118,8.094,NA,7.62,NA,NA,NA
63265120,NA,NA,4.572,NA,NA,NA
63265121,32.376,NA,NA,NA,NA,NA
63265122,0.809,1.214,3.048,NA,NA,NA
63265123,6.07,NA,9.144,NA,NA,NA
63265124,63.132,NA,NA,NA,NA,NA
63265125,12.546,NA,9.448,NA,NA,NA
63265126,47.349,NA,4.572,NA,4.572,NA
63265127,8.337,NA,12.191,NA,3.2,NA
63265128,8.499,NA,6.4,NA,3.657,NA
63265129,14.569,NA,12.191,NA,5.181,NA
63265130,25.091,NA,6.096,NA,1.524,NA
63265131,42.979,NA,4.572,NA,NA,NA
63265132,48.563,NA,7.62,NA,5.181,NA
63265133,12.141,NA,NA,NA,NA,NA
63265134,48.159,NA,10.058,NA,3.962,NA
63265135,20.235,NA,3.048,NA,NA,NA
63265136,116.147,NA,5.486,NA,NA,NA
63265137,5.221,NA,5.181,NA,NA,NA
63265138,161.473,NA,11.277,NA,NA,NA
63265139,4.856,NA,3.048,NA,1.372,NA
63265140,1.619,NA,9.144,NA,NA,NA
63265141,26.305,NA,4.572,NA,2.286,NA
63265142,1.214,NA,8.229,NA,NA,NA
63265143,64.751,NA,9.753,NA,NA,NA
63265144,4.856,NA,7.01,NA,NA,NA
63265145,48.968,NA,NA,NA,0.914,NA
63265146,4.856,NA,NA,NA,4.755,NA
63265147,184.136,NA,16.763,NA,2.133,NA
63265148,1.214,NA,8.229,NA,2.286,NA
63265149,20.599,NA,6.096,NA,2.743,NA
63265150,3.238,NA,0.61,NA,NA,NA
63265152,20.235,NA,1.524,NA,NA,NA
63265153,9.713,NA,NA,NA,2.133,NA
63265154,4.047,NA,7.62,NA,NA,NA
63265155,3.238,NA,3.353,3.657,NA,NA
63265156,2.428,4.047,3.353,NA,3.353,NA
63265157,13.557,NA,11.277,NA,NA,NA
63265158,13.76,NA,10.667,NA,NA,NA
63265159,14.164,NA,NA,NA,NA,NA
63265160,8.499,NA,10.667,NA,0.305,NA
63265161,3.076,NA,NA,NA,NA,NA
63265162,179.077,NA,4.572,NA,NA,NA
63265163,6.475,NA,6.096,NA,3.962,NA
63265164,11.736,NA,5.181,NA,3.353,NA
63265165,0.648,NA,12.801,NA,2.133,NA
63265166,23.553,NA,7.62,NA,3.048,NA
63265167,22.663,NA,5.791,NA,NA,NA
63265168,26.305,NA,10.972,NA,6.096,NA
63265169,18.211,NA,9.144,NA,4.572,NA
63265170,2.631,NA,12.191,NA,4.267,NA
63265171,1.214,NA,7.62,NA,3.657,NA
63265172,3.238,NA,11.887,NA,3.657,NA
63265173,3.238,NA,2.438,NA,NA,NA
63265174,40.469,NA,10.667,NA,NA,NA
63265175,1.214,NA,10.667,NA,1.067,NA
63265176,21.246,NA,4.572,NA,NA,NA
63265177,5.261,NA,NA,NA,NA,NA
63265178,80.939,NA,18.592,NA,3.048,NA
63265179,7.285,NA,4.877,NA,2.438,NA
63265180,52.61,NA,2.438,NA,1.524,NA
63265181,121.408,NA,NA,NA,NA,NA
63265182,14.164,NA,11.429,NA,NA,NA
63265183,14.164,NA,11.429,NA,NA,NA
63265184,125.051,NA,21.03,NA,2.133,2.438
63265185,30.352,NA,15.849,NA,NA,NA
63265186,38.851,NA,2.438,NA,1.829,2.133
63265187,24.282,NA,25.297,NA,NA,NA
63265188,16.188,NA,7.924,NA,NA,NA
63265189,18.454,NA,1.524,NA,1.524,NA
63265190,158.64,NA,5.486,NA,2.438,3.048
63265191,619.183,NA,9.753,NA,2.438,3.048
63265192,80.939,NA,8.534,NA,1.524,1.829
63265193,2287.333,NA,7.62,NA,5.486,NA
63265195,169.972,NA,8.839,NA,2.438,3.048
63265196,0.405,NA,29.564,NA,3.353,4.267
63265197,12.141,NA,16.763,NA,6.705,NA
63265198,48.563,NA,12.801,NA,3.657,4.572
63265199,613.112,NA,24.992,NA,2.438,3.962
63265200,53.015,NA,12.801,NA,3.962,4.572
63265201,37.637,NA,8.229,NA,3.048,3.657
63265202,1036.423,NA,8.839,NA,3.657,4.267
63265203,164.711,NA,9.448,NA,3.048,NA
63265204,7596.115,NA,86.864,NA,6.705,7.01
63265206,25.9,NA,9.753,NA,NA,NA
63265207,6.07,NA,NA,NA,NA,NA
63265208,171.995,NA,10.667,NA,3.048,NA
63265209,42.898,NA,14.325,NA,4.267,4.877
63265210,7.285,NA,8.839,NA,2.591,NA
63265211,26.305,NA,3.962,NA,1.981,2.286
63265212,36.423,NA,6.705,NA,NA,NA
63265213,60.704,NA,NA,NA,NA,NA
63265214,32.376,NA,11.582,NA,2.743,NA
63265216,50.992,NA,13.715,NA,3.505,NA
63265217,129.502,NA,7.924,NA,1.219,NA
63265218,4.047,NA,NA,NA,NA,NA
63265219,64.751,NA,9.144,NA,1.219,NA
63265220,125.455,NA,18.897,NA,NA,NA
63265221,2.023,NA,3.353,NA,1.219,1.524
63265222,1.781,NA,6.096,NA,0.762,NA
63265223,66.775,NA,9.144,NA,2.438,NA
63265224,12.141,NA,6.4,NA,2.438,NA
63265225,64.751,NA,12.191,NA,2.438,NA
63265226,20.235,NA,6.096,NA,1.676,NA
63265227,61.109,NA,7.315,NA,NA,NA
63265229,3.238,NA,NA,NA,2.286,NA
63265230,205.585,NA,6.096,NA,1.219,NA
63265232,3.238,NA,1.829,NA,NA,NA
63265234,2.023,NA,4.572,NA,NA,NA
63265235,1618.778,NA,NA,NA,NA,NA
63265236,384.46,NA,NA,NA,NA,NA
63265237,32.376,NA,NA,NA,NA,NA
63265238,NA,NA,1.524,NA,0.914,NA
63265239,1764.468,NA,21.945,NA,2.133,2.438
63265240,NA,NA,3.048,NA,NA,NA
63265241,77.701,NA,10.972,NA,2.133,NA
63265242,16.39,NA,6.705,NA,1.219,NA
63265243,NA,NA,4.572,NA,NA,NA
63265244,16.188,NA,4.572,NA,NA,NA
63265245,2.023,NA,3.657,NA,1.372,NA
63265246,23.796,NA,9.144,NA,2.743,NA
63265247,251.72,NA,2.133,NA,1.524,NA
63265249,75.678,NA,19.201,NA,2.438,NA
63265250,17.807,NA,11.582,NA,7.62,NA
63265251,97.127,NA,13.715,NA,2.438,NA
63265252,40.469,NA,NA,NA,NA,NA
63265253,2.185,NA,8.229,NA,NA,NA
63265254,17.807,NA,11.582,NA,7.62,NA
63265255,16.188,NA,NA,NA,NA,NA
63265256,297.45,NA,14.63,NA,0.762,1.219
63265257,28.329,NA,7.62,NA,2.591,NA
63265258,10.117,NA,NA,NA,NA,NA
63265259,28.329,NA,NA,NA,NA,NA
63265260,129.502,NA,14.325,NA,3.048,NA
63265261,20.518,NA,1.524,NA,NA,NA
63265262,96.317,NA,11.887,NA,3.962,NA
63265263,66.775,NA,17.068,NA,2.133,NA
63265264,821.692,NA,33.526,NA,4.267,4.877
63265265,1084.581,NA,20.725,NA,2.743,3.657
63265266,174.019,NA,17.678,NA,0.61,NA
63265267,5.666,NA,7.315,NA,5.791,NA
63265268,14.164,NA,6.705,NA,NA,NA
63265269,10.117,NA,11.582,NA,NA,NA
63265270,2.023,NA,10.667,NA,3.657,NA
63265271,12.141,NA,NA,NA,NA,NA
63265272,34.399,NA,NA,NA,NA,NA
63265273,2.023,NA,10.667,NA,3.657,NA
63265274,8.215,NA,13.411,NA,4.572,NA
63265275,59.085,NA,0.914,NA,NA,NA
63265276,60.704,NA,9.144,NA,2.438,NA
63265277,116.957,NA,14.63,NA,4.419,NA
63265278,60.704,NA,9.144,NA,2.438,NA
63265279,14.002,NA,6.705,NA,4.267,NA
63265280,9.47,NA,10.972,NA,NA,NA
63265281,53.015,NA,12.191,NA,1.829,NA
63265282,0.809,NA,5.334,NA,NA,NA
63265283,16.188,NA,NA,NA,NA,NA
63265284,267.098,NA,10.363,NA,2.438,NA
63265285,5.625,NA,1.829,NA,NA,NA
63265286,26.71,NA,9.753,NA,3.353,NA
63265287,2.711,NA,7.62,NA,3.505,NA
63265288,0.809,NA,4.572,NA,2.743,NA
63265289,40.469,NA,15.849,NA,NA,NA
63265290,24.282,NA,9.753,NA,NA,NA
63265291,10.117,NA,28.04,NA,NA,NA
63265292,202.347,NA,10.972,NA,NA,NA
63265293,1.983,NA,4.572,NA,4.267,NA
63265294,213.274,NA,22.859,NA,3.81,NA
63265295,214.488,NA,10.972,NA,5.181,NA
63265296,3929.988,NA,49.375,NA,5.791,NA
63265297,11.331,NA,10.058,NA,NA,NA
63265298,182.113,NA,20.421,NA,2.286,NA
63265299,4.047,NA,6.096,NA,NA,NA
63265300,20.235,NA,6.096,NA,NA,NA
63265301,218.535,NA,7.924,NA,1.219,NA
63265302,4.047,NA,4.572,NA,NA,NA
63265303,38.284,NA,19.811,NA,4.267,NA
63265304,202.347,NA,NA,NA,NA,NA
63265305,1018.292,NA,27.431,NA,3.048,3.353
63265306,18.211,NA,16.458,NA,4.572,NA
63265307,4.047,NA,7.01,NA,NA,NA
63265308,32.376,NA,NA,NA,NA,NA
63265309,10.117,NA,NA,NA,NA,NA
63265310,10.117,NA,3.048,NA,0.762,NA
63265311,NA,NA,3.962,NA,1.676,NA
63265312,346.823,NA,27.431,NA,2.286,NA
63265313,25.9,NA,10.972,NA,3.353,NA
63265314,50.587,NA,8.534,NA,NA,NA
63265315,24.282,NA,10.667,NA,NA,NA
63265317,30.352,NA,17.068,NA,3.353,NA
63265318,315.662,NA,18.287,NA,0.914,3.048
63265319,36.503,NA,11.277,NA,2.286,2.743
63265320,2.023,NA,4.877,NA,2.438,NA
63265321,10.927,NA,7.01,NA,2.743,NA
63265322,49.777,NA,13.715,NA,2.133,NA
63265323,207.73,NA,11.887,NA,1.778,1.88
63265324,116.714,NA,14.02,NA,3.048,NA
63265325,21.773,NA,4.572,NA,2.438,NA
63265326,28.329,NA,9.753,NA,2.438,NA
63265327,80.939,NA,15.849,NA,NA,NA
63265328,424.929,NA,3.353,NA,0.914,NA
63265329,47.673,NA,5.486,NA,1.676,NA
63265330,90.652,NA,2.438,NA,NA,NA
63265331,29.543,NA,9.753,NA,2.133,2.438
63265332,28.329,NA,9.753,NA,2.438,NA
63265333,89.842,NA,15.849,NA,2.286,NA
63265334,1.012,NA,1.524,NA,NA,NA
63265335,0.769,NA,4.877,NA,2.133,2.438
63265337,2.064,NA,3.657,NA,1.219,1.524
63265338,4.492,NA,7.315,NA,2.743,3.048
63265339,20.235,NA,NA,NA,NA,NA
63265340,40.469,NA,17.22,NA,NA,NA
63265341,2.55,NA,4.724,NA,1.829,2.133
63265342,28.329,NA,12.191,NA,4.267,NA
63265343,232.699,NA,17.373,NA,4.115,NA
63265344,135.573,NA,3.657,NA,0.381,NA
63265345,21.449,NA,12.801,NA,6.705,NA
63265346,48.563,NA,10.667,NA,4.267,NA
63265347,9.713,NA,7.62,NA,2.133,NA
63265348,45.73,NA,29.259,NA,NA,NA
63265349,46.135,NA,26.212,NA,2.438,NA
63265350,34.804,NA,3.657,NA,NA,NA
63265351,9.713,NA,8.534,NA,3.2,NA
63265352,10.522,NA,19.6,NA,3.657,4.572
63265353,22.056,NA,23.773,NA,1.829,1.981
63265354,21.044,NA,12.191,NA,4.877,NA
63265355,348.037,NA,5.486,NA,1.753,NA
63265356,21.449,NA,7.315,NA,2.337,NA
63265357,8.094,NA,13.106,NA,5.486,NA
63265358,32.78,NA,22.249,NA,NA,NA
63265359,13.355,NA,NA,NA,6.096,NA
63265360,16.188,NA,10.667,NA,NA,NA
63265361,54.229,NA,18.287,NA,6.096,NA
63265362,83.772,NA,27.431,NA,3.657,NA
63265363,4.087,NA,8.229,NA,2.743,NA
63265364,16.997,NA,NA,NA,NA,NA
63265365,40.874,NA,12.679,NA,3.962,NA
63265366,19.83,NA,11.887,NA,2.743,NA
63265367,14.164,NA,9.753,NA,NA,NA
63265368,4.047,NA,8.385,NA,NA,NA
63265369,76.892,NA,12.801,NA,NA,NA
63265370,30.352,NA,6.096,NA,NA,NA
63265371,72.845,NA,14.325,NA,3.962,NA
63265372,50.587,NA,15.544,NA,2.438,NA
63265373,24.282,NA,15.849,NA,NA,NA
63265374,14.164,NA,4.572,NA,NA,NA
63265375,12.141,NA,25.907,NA,NA,NA
63265376,8.822,NA,8.839,NA,4.724,NA
63265377,1.497,NA,3.657,NA,2.743,NA
63265378,12.141,NA,18.287,NA,NA,NA
63265379,42.088,NA,14.63,NA,2.438,2.743
63265380,14.164,NA,NA,NA,3.353,NA
63265381,166.329,NA,20.421,NA,3.657,NA
63265382,5.787,NA,7.62,NA,2.743,NA
63265383,129.502,NA,21.945,NA,3.505,3.81
63265384,24.282,NA,13.106,NA,NA,NA
63265385,16.188,NA,16.763,NA,NA,NA
63265386,107.244,NA,15.544,NA,1.829,NA
63265387,90.247,NA,13.715,NA,2.286,NA
63265388,60.704,NA,16.763,NA,NA,NA
63265389,70.822,NA,16.154,NA,NA,NA
63265390,38.648,NA,10.667,NA,2.743,NA
63265391,80.939,NA,18.287,NA,3.657,NA
63265392,72.845,NA,11.277,NA,3.962,NA
63265393,8.094,NA,8.534,NA,NA,NA
63265394,34.804,NA,25.907,NA,4.267,NA
63265395,8.094,NA,10.667,NA,NA,NA
63265396,6.07,NA,5.181,NA,NA,NA
63265397,169.162,NA,17.373,NA,2.591,NA
63265398,32.376,NA,12.191,NA,NA,NA
63265399,121.408,NA,14.63,NA,NA,NA
63265400,2.023,NA,6.096,NA,NA,NA
63265401,35.856,NA,13.106,NA,NA,NA
63265402,3.399,NA,3.353,NA,NA,NA
63265403,21.854,NA,13.715,NA,NA,NA
63265404,6.313,NA,6.096,NA,3.353,NA
63265405,6.07,NA,NA,NA,NA,NA
63265406,14.164,NA,9.144,NA,NA,NA
63265407,36.423,NA,NA,NA,NA,NA
63265408,4.047,NA,6.096,NA,NA,NA
63265409,23.877,NA,9.144,NA,NA,NA
63265410,42.493,NA,6.705,NA,NA,NA
63265411,2.266,NA,9.144,NA,NA,NA
63265413,4.047,NA,3.048,3.657,NA,NA
63265414,38.244,NA,12.191,NA,NA,NA
63265416,19.83,NA,8.534,NA,4.877,NA
63265417,16.188,NA,2.286,NA,NA,NA
63265418,16.188,NA,6.096,NA,NA,NA
63265419,18.616,NA,4.572,NA,NA,NA
63265420,7.082,NA,7.62,NA,NA,NA
63265421,15.904,NA,10.058,NA,NA,NA
63265423,25.9,NA,12.191,NA,NA,NA
63265424,16.188,NA,NA,NA,NA,NA
63265425,6.07,NA,4.572,NA,NA,NA
63265426,9.308,NA,7.62,NA,NA,NA
63265427,20.437,NA,15.239,NA,4.877,NA
63265428,367.058,NA,7.62,NA,NA,NA
63265429,2.428,NA,6.096,NA,NA,NA
63265430,14.164,NA,9.144,NA,NA,NA
63265431,14.245,783.488,7.62,NA,NA,NA
63265432,369.081,NA,7.62,NA,2.743,NA
63265433,4.047,NA,9.144,NA,NA,NA
63265434,12.95,NA,7.62,NA,3.81,NA
63265436,6.07,NA,9.144,NA,2.133,NA
63265437,4.047,NA,9.144,NA,5.791,NA
63265438,40.469,NA,NA,NA,NA,NA
63265439,169.162,NA,3.962,NA,3.353,NA
63265440,101.983,NA,14.02,NA,NA,NA
63265441,101.983,NA,13.715,NA,NA,NA
63265442,6.07,NA,12.191,NA,1.829,NA
63265444,16.188,NA,NA,NA,1.524,NA
63265445,1968.839,NA,39.622,NA,6.096,NA
63265446,1.619,NA,8.229,NA,NA,NA
63265447,52.61,NA,6.096,NA,NA,NA
63265448,566.572,NA,3.962,NA,3.353,NA
63265449,2173.209,NA,18.897,NA,2.743,NA
63265450,1193.849,NA,36.879,NA,3.353,NA
63265451,4.047,NA,6.096,NA,NA,NA
63265452,8.094,NA,4.572,NA,NA,NA
63265453,32.376,NA,7.62,NA,NA,NA
63265454,36.423,NA,5.486,NA,NA,NA
63265455,271.145,NA,20.421,NA,NA,NA
63265456,24.282,NA,1.219,NA,NA,NA
63265457,6.07,NA,6.705,NA,NA,NA
63265459,3.238,NA,4.572,NA,NA,NA
63265460,81.344,NA,13.106,NA,5.486,NA
63265461,34.601,NA,6.705,NA,0.914,NA
63265462,34.601,NA,6.705,NA,1.143,NA
63265463,538.244,NA,19.201,NA,3.81,NA
63265464,6.07,NA,3.048,NA,NA,NA
63265465,208.418,NA,20.421,NA,5.029,NA
63265466,178.066,NA,16.154,NA,3.962,NA
63265467,48.563,NA,18.287,NA,3.048,NA
63265468,17.402,NA,7.315,NA,NA,NA
63265469,33.792,NA,11.887,NA,3.048,NA
63265470,19.425,NA,9.448,NA,3.657,NA
63265471,315.662,NA,11.887,NA,3.048,NA
63265472,8.094,NA,1.219,NA,0.914,NA
63265473,99.15,NA,26.516,NA,4.267,NA
63265474,101.983,NA,10.058,NA,2.286,NA
63265475,404.694,NA,11.582,NA,0.71,0.686
63265476,36.423,NA,13.715,NA,NA,NA
63265479,260.623,NA,25.602,NA,2.895,3.048
63265480,273.978,NA,19.811,NA,4.267,NA
63265481,61.514,NA,12.801,NA,2.895,NA
63265482,26.285,NA,16.763,NA,2.133,NA
63265483,26.305,NA,4.267,NA,NA,NA
63265484,39.539,NA,7.62,NA,0.457,0.61
63265485,26.305,NA,15.239,NA,1.524,NA
63265486,4.047,NA,4.877,NA,NA,NA
63265487,117.361,NA,10.667,NA,2.286,NA
63265488,43.302,NA,23.773,NA,6.553,NA
63265489,43.302,NA,23.773,NA,6.553,NA
63265490,62.728,NA,10.667,NA,1.524,NA
63265491,40.469,NA,25.907,NA,NA,NA
63265492,10.117,NA,5.181,NA,NA,NA
63265493,5.018,NA,1.524,NA,NA,NA
63265494,10.117,NA,12.191,NA,NA,NA
63265495,41.279,NA,7.62,NA,NA,NA
63265496,1.214,NA,3.657,NA,NA,NA
63265497,26.71,NA,23.164,NA,8.229,NA
63265498,19.223,NA,3.048,NA,NA,NA
63265499,4.452,NA,13.715,NA,NA,NA
63265501,3.642,NA,2.133,NA,NA,NA
63265502,4.856,NA,13.106,NA,NA,NA
63265503,10.522,NA,15.849,NA,NA,NA
63265504,6.07,NA,9.753,NA,4.572,NA
63265505,6.07,NA,12.496,NA,NA,NA
63265506,20.963,NA,8.229,NA,2.743,NA
63265507,8.903,NA,3.81,NA,3.048,NA
63265509,4.047,NA,13.715,NA,NA,NA
63265510,2.104,NA,6.705,NA,3.962,NA
63265511,1.74,NA,2.743,NA,NA,NA
63265512,12.95,NA,4.419,NA,NA,NA
63265513,12.95,NA,4.419,NA,NA,NA
63265514,24.282,NA,6.705,NA,NA,NA
63265515,17.807,NA,21.64,NA,5.486,NA
63265516,17.807,NA,21.64,NA,5.181,NA
63265517,20.235,NA,3.048,NA,NA,NA
63265518,4.168,NA,14.934,NA,NA,NA
63265519,3.48,NA,NA,NA,NA,NA
63265520,8.094,NA,1.524,NA,NA,NA
63265521,37.232,NA,4.572,NA,NA,NA
63265522,8.539,NA,3.048,NA,NA,NA
63265523,2.995,NA,7.62,NA,NA,NA
63265524,14.164,NA,14.934,NA,NA,NA
63265525,5.747,NA,4.267,NA,1.219,NA
63265526,3.642,NA,7.01,NA,5.486,NA
63265527,16.188,NA,1.524,NA,NA,NA
63265528,4.047,NA,6.096,NA,NA,NA
63265529,4.856,NA,7.315,NA,NA,NA
63265530,30.352,NA,6.096,NA,4.572,NA
63265531,0.809,1.214,4.572,NA,NA,NA
63265532,6.394,NA,1.524,NA,NA,NA
63265533,4.047,NA,11.582,NA,NA,NA
63265534,4.856,NA,NA,NA,4.572,NA
63265535,0.809,1.214,3.048,NA,NA,NA
63265536,20.235,NA,1.524,NA,NA,NA
63265537,1.619,2.023,0.61,NA,NA,NA
63265538,3.238,NA,4.877,NA,NA,NA
63265539,3.238,NA,10.667,NA,4.267,NA
63265540,1.619,2.023,2.438,NA,NA,NA
63265541,3.238,4.047,3.048,NA,NA,NA
63265542,58.276,NA,3.353,NA,NA,NA
63265543,14.164,NA,3.962,NA,NA,NA
63265544,14.974,NA,2.743,NA,2.743,NA
63265545,4.047,NA,2.438,NA,2.133,NA
63265546,791.582,NA,7.924,NA,2.133,NA
63265547,445.164,NA,3.657,NA,2.743,NA
63265548,28.329,NA,3.657,NA,NA,NA
63265549,28.733,NA,3.048,NA,NA,NA
63265550,11.331,NA,3.048,NA,1.524,NA
63265551,13.76,NA,3.657,NA,NA,NA
63265552,18.211,NA,6.096,NA,NA,NA
63265553,2.833,NA,1.829,NA,1.829,NA
63265555,376.366,NA,14.934,NA,1.372,2.438
63265556,13.355,NA,NA,NA,NA,NA
63265557,142.048,NA,2.438,NA,NA,NA
63265558,8.094,NA,NA,NA,NA,NA
63265559,31.161,NA,23.773,NA,4.877,NA
63265561,16.188,NA,12.191,NA,3.962,NA
63265562,20.235,NA,9.144,NA,3.048,NA
63265564,31.161,NA,23.773,NA,NA,NA
63265565,2.104,NA,5.791,NA,1.981,2.438
63265566,16.188,NA,NA,NA,1.829,NA
63265567,2.023,NA,4.572,NA,NA,NA
63265568,5.544,NA,NA,NA,2.286,NA
63265569,24.282,NA,6.705,NA,2.133,NA
63265570,36.423,NA,7.315,NA,1.219,NA
63265571,0.809,NA,NA,NA,NA,NA
63265573,0.405,0.809,7.01,NA,2.438,3.048
63265574,4.047,NA,5.486,NA,NA,NA
63265575,1.659,NA,10.058,NA,NA,NA
63265576,4.047,4.856,5.791,NA,NA,NA
63265577,101.174,NA,15.239,NA,NA,NA
63265578,4.047,4.856,5.486,NA,NA,NA
63265579,4.047,NA,5.791,NA,NA,NA
63265580,13.153,NA,9.144,NA,NA,NA
63265581,16.188,NA,10.667,NA,4.572,NA
63265583,2.023,NA,9.144,NA,1.829,NA
63265584,13.76,NA,NA,NA,1.524,NA
63265585,2.023,NA,NA,NA,NA,NA
63265586,40.469,NA,NA,NA,NA,NA
63265587,22.744,NA,12.496,NA,5.273,NA
63265588,3.238,NA,7.62,NA,3.657,NA
63265589,10.117,NA,16.763,NA,NA,NA
63265590,12.141,NA,5.486,NA,3.657,NA
63265591,10.117,NA,16.763,NA,NA,NA
63265592,16.188,NA,3.048,NA,1.524,NA
63265593,2.023,NA,2.133,NA,NA,NA
63265594,40.469,NA,3.657,NA,NA,NA
63265595,19.425,NA,9.144,NA,NA,NA
63265596,3.035,NA,10.363,NA,NA,NA
63265597,10.117,NA,9.448,NA,6.4,NA
63265598,20.235,NA,3.353,3.657,NA,NA
63265599,24.282,NA,4.267,NA,2.286,NA
63265601,27.115,NA,5.181,NA,1.829,NA
63265603,16.592,NA,15.239,NA,3.353,NA
63265604,27.115,NA,4.572,NA,NA,NA
63265605,2.185,NA,1.524,NA,1.524,NA
63265606,4.492,NA,4.267,NA,1.524,NA
63265607,46.742,NA,4.572,NA,NA,NA
63265608,18.211,NA,15.239,NA,4.572,NA
63265609,35.411,NA,15.239,NA,NA,NA
63265610,61.918,NA,2.133,2.438,0.61,0.914
63265611,10.117,NA,6.096,NA,NA,NA
63265613,5.261,NA,6.705,NA,NA,NA
63265614,2.428,NA,7.315,NA,NA,NA
63265615,1.214,NA,NA,NA,NA,NA
63265616,183.731,NA,15.239,NA,NA,NA
63265617,183.731,NA,15.239,NA,5.791,NA
63265618,1.214,NA,3.048,NA,NA,NA
63265620,14.569,NA,16.154,NA,3.353,NA
63265622,2.023,NA,4.572,NA,1.524,NA
63265623,12.95,NA,NA,NA,NA,NA
63265624,0.405,NA,3.048,NA,NA,NA
63265625,36.423,NA,6.096,NA,NA,NA
63265626,2.55,NA,7.924,NA,5.181,NA
63265627,2.833,NA,9.144,NA,3.505,NA
63265628,7.285,NA,7.62,NA,NA,NA
63265629,2.023,NA,7.62,NA,5.181,NA
63265630,3.642,NA,1.829,NA,1.676,NA
63265632,12.141,NA,4.572,NA,NA,NA
63265633,10.117,NA,6.705,NA,3.962,NA
63265635,30.352,NA,13.715,NA,NA,NA
63265638,35.411,NA,11.277,NA,5.334,5.486
63265639,4.614,NA,3.048,NA,3.048,NA
63265640,10.927,NA,3.048,NA,1.829,NA
63265642,3.318,NA,2.438,NA,NA,NA
63265643,68.798,NA,3.048,NA,1.219,NA
63265644,16.188,NA,6.705,NA,4.724,NA
63265645,40.469,NA,10.667,NA,NA,NA
63265646,8.094,NA,10.058,NA,3.657,NA
63265647,404.694,NA,21.335,NA,NA,NA
63265649,8.053,NA,4.572,NA,3.657,NA
63265650,25.9,NA,6.4,NA,NA,NA
63265651,4.047,NA,3.657,NA,NA,NA
63265652,30.935,NA,12.496,NA,3.353,NA
63265653,5.868,NA,1.448,NA,1.448,NA
63265654,6.88,NA,5.181,NA,3.962,NA
63265655,8.26,NA,13.715,NA,4.572,NA
63265656,10.805,NA,4.877,NA,NA,NA
63265657,13.76,NA,1.372,NA,1.372,NA
63265658,1.821,NA,0.914,NA,0.914,NA
63265659,19.021,NA,4.572,NA,NA,NA
63265660,10.805,NA,6.705,NA,2.133,2.133
63265661,1.214,NA,2.743,NA,2.133,NA
63265662,212.06,NA,3.657,NA,NA,NA
63265663,5.261,NA,2.438,NA,1.829,NA
63265664,40.469,NA,15.239,NA,NA,NA
63265665,114.326,NA,25.602,NA,NA,NA
63265666,27.924,NA,17.83,NA,2.743,NA
63265667,50.668,NA,15.849,NA,NA,NA
63265668,82.962,NA,23.773,25.602,3.81,NA
63265669,2051.801,NA,26.212,NA,2.743,3.962
63265670,1214.083,NA,23.773,NA,NA,NA
63265671,20.235,NA,NA,NA,NA,NA
63265672,46.135,NA,18.897,NA,2.743,NA
63265673,1.902,NA,7.62,NA,3.048,NA
63265674,23.472,NA,5.791,NA,2.895,NA
63265675,5.747,NA,7.924,NA,4.115,NA
63265676,17.28,NA,8.839,NA,2.438,NA
63265678,52.61,NA,9.144,NA,3.657,NA
63265679,2.125,NA,2.743,NA,NA,NA
63265680,319.709,NA,12.801,NA,1.524,NA
63265681,1.902,NA,1.219,NA,NA,NA
63265682,35.047,NA,3.657,NA,3.657,NA
63265683,78.511,NA,12.801,NA,1.981,2.286
63265684,16.957,NA,9.753,NA,2.743,2.895
63265685,16.957,NA,11.277,NA,2.286,2.591
63265686,0.85,NA,2.133,NA,1.219,NA
63265687,10.927,NA,15.239,NA,1.829,NA
63265688,7.082,NA,8.839,NA,2.438,NA
63265689,16.39,NA,0.305,5.791,1.829,NA
63265690,4.006,NA,7.01,NA,1.524,NA
63265691,49.777,NA,12.191,NA,1.372,NA
63265692,5.666,NA,8.839,NA,2.743,NA
63265693,1.821,NA,6.4,NA,2.743,NA
63265694,3.642,NA,5.181,NA,2.743,NA
63265695,12.384,NA,7.315,NA,2.743,NA
63265697,120.194,NA,11.887,NA,3.353,3.657
63265699,182.639,NA,16.458,NA,2.743,3.048
63265700,62.728,NA,13.715,NA,3.048,NA
63265701,47.025,NA,10.058,NA,3.657,NA
63265702,10.927,NA,7.924,NA,2.438,NA
63265703,8.58,NA,8.839,NA,1.676,NA
63265704,4.775,NA,6.4,NA,2.438,NA
63265705,14.974,NA,10.667,NA,NA,NA
63265706,32.376,NA,3.657,NA,NA,NA
63265707,14.245,NA,3.962,NA,2.133,NA
63265708,16.188,NA,3.048,NA,NA,NA
63265709,14.164,NA,2.438,NA,NA,NA
63265710,4.856,NA,2.133,NA,NA,NA
63265711,505.868,NA,6.096,NA,0.61,1.219
63265712,16.188,NA,1.829,NA,NA,NA
63265713,40.469,NA,4.267,NA,NA,NA
63265714,1.659,NA,4.267,NA,1.829,NA
63265716,70.822,NA,23.773,NA,3.048,NA
63265717,150.546,NA,22.554,NA,3.657,NA
63265718,5.666,NA,3.048,NA,2.133,NA
63265719,46.135,NA,15.544,NA,3.048,NA
63265720,9.51,NA,12.801,NA,6.096,NA
63265721,1.008,NA,1.829,NA,NA,NA
63265722,3.926,NA,3.657,NA,1.524,NA
63265723,34.601,NA,4.877,NA,NA,NA
63265724,5.14,NA,10.058,NA,5.791,NA
63265725,118.98,NA,24.992,NA,3.048,6.096
63265726,2.833,NA,6.4,NA,3.81,NA
63265727,38.203,NA,5.334,NA,4.419,NA
63265728,119.79,NA,24.992,NA,3.048,6.096
63265729,40.469,NA,23.773,NA,2.133,NA
63265730,NA,NA,NA,NA,2.438,NA
63265731,0.809,NA,NA,NA,NA,NA
63265732,45.73,NA,14.02,NA,5.181,NA
63265733,4.856,NA,NA,NA,4.267,NA
63265734,1.619,NA,6.858,NA,NA,NA
63265735,0.809,NA,NA,NA,3.657,NA
63265736,2.023,NA,NA,NA,4.572,NA
63265737,0.607,NA,0.914,NA,NA,NA
63265738,5.989,NA,2.743,NA,0.991,NA
63265739,0.728,NA,2.743,NA,1.829,NA
63265740,NA,NA,3.048,NA,NA,NA
63265741,4.047,NA,NA,NA,5.181,NA
63265742,32.376,NA,0.203,NA,0.203,NA
63265743,12.141,NA,6.705,NA,NA,NA
63265745,23.472,NA,25.145,NA,2.438,NA
63265746,1679.482,NA,21.335,NA,1.829,NA
63265747,281.263,NA,12.801,NA,1.067,NA
63265749,20.235,24.282,3.048,NA,NA,NA
63265750,48.563,NA,10.058,NA,2.743,NA
63265752,36.423,NA,3.353,NA,1.676,NA
63265754,83.772,NA,12.801,NA,4.572,NA
63265755,34.601,NA,19.811,NA,2.591,NA
63265756,64.751,NA,19.811,NA,NA,NA
63265757,82.558,NA,27.431,NA,3.657,NA
63265758,16.188,NA,NA,NA,NA,NA
63265760,14.65,NA,7.62,NA,4.115,NA
63265761,118.575,NA,5.181,NA,2.743,NA
63265762,82.153,NA,15.544,NA,3.657,NA
63265763,40.469,NA,18.287,NA,NA,NA
63265764,6.313,NA,3.657,5.486,NA,NA
63265766,69.203,NA,7.62,NA,2.286,2.895
63265767,33.59,NA,14.934,NA,3.353,NA
63265768,20.235,NA,4.267,NA,2.133,NA
63265769,323.756,NA,35.05,NA,2.895,NA
63265770,21.854,NA,20.116,NA,2.591,NA
63265771,33.59,NA,14.934,NA,4.267,4.877
63265772,319.709,NA,26.821,NA,1.067,NA
63265773,455.281,NA,8.534,9.144,2.255,NA
63265774,13.355,NA,10.058,NA,3.048,3.657
63265775,32.376,NA,12.191,NA,NA,NA
63265776,13.557,NA,3.048,NA,NA,NA
63265777,61.918,NA,15.849,NA,2.743,3.048
63265779,61.918,NA,15.849,NA,3.353,NA
63265781,55.443,NA,9.753,NA,3.048,NA
63265782,128.693,NA,16.763,NA,3.657,NA
63265783,128.693,NA,22.249,NA,3.048,NA
63265784,23.472,NA,4.572,NA,3.81,NA
63265785,45.73,NA,19.201,NA,4.267,4.877
63265787,14.164,NA,3.657,NA,1.524,NA
63265788,12.141,NA,7.62,NA,4.572,NA
63265789,167.139,NA,28.04,NA,2.743,NA
63265790,28.329,NA,13.715,NA,1.981,2.133
63265791,10.522,NA,6.096,NA,NA,NA
63265792,8.094,NA,NA,NA,3.505,NA
63265793,9.713,NA,5.486,6.096,NA,NA
63265794,24.282,NA,12.191,NA,NA,NA
63265795,4.856,NA,3.048,NA,NA,NA
63265796,6.07,NA,9.753,NA,3.353,3.657
63265797,146.904,NA,27.431,NA,4.267,4.572
63265798,36.423,NA,12.801,NA,NA,NA
63265799,2.023,NA,6.705,NA,6.096,NA
63265800,16.188,NA,14.325,NA,3.353,3.657
63265801,2.671,NA,7.01,NA,0.762,0.914
63265802,16.188,NA,14.63,NA,NA,NA
63265803,4.856,NA,14.934,NA,3.81,3.962
63265804,16.188,NA,17.068,NA,5.181,5.334
63265805,4.047,NA,4.877,NA,2.743,NA
63265806,28.329,NA,18.287,NA,NA,NA
63265807,6.07,NA,12.953,NA,NA,NA
63265808,318.899,NA,33.526,NA,4.267,NA
63265809,9.389,NA,10.058,NA,NA,NA
63265810,5.059,NA,10.058,NA,3.048,NA
63265811,16.997,NA,16.763,NA,NA,NA
63265812,1.619,NA,3.048,NA,NA,NA
63265813,4.047,NA,6.096,NA,2.438,2.591
63265814,20.235,NA,NA,NA,1.829,NA
63265815,16.188,NA,19.201,NA,NA,NA
63265816,26.912,NA,13.106,NA,NA,NA
63265818,32.376,NA,NA,NA,2.743,NA
63265819,20.235,NA,9.753,NA,NA,NA
63265820,130.716,NA,29.259,NA,NA,NA
63265821,2.023,NA,5.486,NA,2.743,NA
63265822,93.889,NA,30.783,NA,NA,NA
63265823,24.282,NA,6.096,NA,NA,NA
63265824,218.535,NA,9.753,NA,3.048,NA
63265825,1.214,1.619,0.914,1.219,NA,NA
63265826,89.033,NA,3.657,NA,2.743,NA
63265827,2.428,NA,7.62,NA,1.829,NA
63265828,NA,NA,1.524,1.829,NA,NA
63265829,2.833,NA,6.096,NA,NA,NA
63265830,1.619,NA,1.829,NA,NA,NA
63265831,10.522,NA,5.181,NA,NA,NA
63265832,25.9,NA,7.01,NA,0.914,NA
63265834,28.329,NA,9.753,NA,2.438,2.743
63265835,40.469,NA,20.421,NA,NA,NA
63265836,109.672,NA,8.382,NA,3.048,NA
63265837,40.469,NA,17.068,NA,NA,NA
63265838,114.933,NA,10.363,NA,2.286,NA
63265839,24.282,NA,3.048,NA,3.048,NA
63265840,48.563,NA,12.953,NA,NA,NA
63265841,6.07,8.094,4.267,NA,NA,NA
63265842,20.235,NA,7.62,NA,0.914,1.067
63265843,24.282,NA,NA,NA,NA,NA
63265844,84.986,NA,12.496,NA,NA,NA
63265845,55.038,NA,17.373,NA,2.591,NA
63265846,12.626,NA,10.667,NA,2.286,NA
63265847,32.376,NA,3.048,NA,1.905,NA
63265848,51.153,NA,9.753,NA,4.419,3.734
63265849,16.188,NA,11.582,NA,4.267,NA
63265850,161.878,NA,11.277,NA,2.743,NA
63265851,29.947,NA,4.267,NA,2.438,NA
63265852,60.704,NA,14.934,NA,NA,NA
63265853,254.958,NA,24.383,NA,3.404,NA
63265854,15.378,NA,9.144,NA,3.81,NA
63265855,3.197,NA,7.01,NA,1.676,NA
63265856,11.331,NA,11.887,NA,NA,NA
63265857,50.182,NA,2.133,NA,NA,NA
63265858,0.809,NA,12.801,NA,2.743,NA
63265859,67.179,NA,9.144,NA,NA,NA
63265860,194.253,NA,6.096,NA,3.048,NA
63265861,22.258,NA,4.572,NA,NA,NA
63265862,137.596,NA,6.096,NA,3.048,3.657
63265863,4.937,NA,2.438,NA,2.286,NA
63265864,4.047,NA,4.572,NA,NA,NA
63265865,0.809,NA,2.438,NA,NA,NA
63265866,3.238,NA,3.353,3.657,NA,NA
63265867,55.848,NA,16.763,18.287,NA,NA
63265868,2.023,NA,3.657,NA,NA,NA
63265869,42.898,NA,9.144,NA,NA,NA
63265870,42.979,NA,9.144,NA,NA,NA
63265871,2.023,NA,1.219,NA,NA,NA
63265872,79.32,NA,6.096,NA,NA,NA
63265873,4.047,NA,5.181,NA,NA,NA
63265874,79.32,NA,6.096,NA,NA,NA
63265875,60.704,NA,12.191,NA,3.353,NA
63265876,1.619,NA,10.667,NA,NA,NA
63265877,1.619,2.023,10.667,NA,NA,NA
63265878,7.285,NA,NA,NA,NA,NA
63265879,4.654,NA,6.096,NA,NA,NA
63265880,10.643,NA,15.239,NA,3.81,NA
63265881,2.428,NA,7.62,NA,NA,NA
63265882,18.211,NA,6.096,NA,NA,NA
63265883,18.211,NA,6.096,NA,NA,NA
63265884,7.285,NA,1.524,NA,NA,NA
63265885,52.61,NA,16.763,NA,4.267,NA
63265887,3.845,NA,9.144,NA,NA,NA
63265888,16.188,NA,6.4,NA,3.657,NA
63265889,58.276,NA,1.524,NA,NA,NA
63265890,64.751,NA,5.181,NA,NA,NA
63265892,43.1,NA,18.287,NA,NA,NA
63265894,4.047,NA,5.791,NA,1.067,NA
63265895,71.226,NA,9.144,NA,4.267,NA
63265896,338.527,NA,7.924,NA,2.743,3.048
63265897,8.094,NA,4.572,NA,NA,NA
63265898,14.569,NA,12.191,NA,3.962,4.267
63265899,45.73,NA,6.096,NA,NA,NA
63265900,4.856,NA,4.877,NA,3.657,NA
63265901,22.137,NA,6.096,NA,NA,NA
63265902,14.164,NA,12.191,NA,NA,NA
63265903,10.927,NA,13.715,NA,2.895,NA
63265904,4.047,NA,4.877,NA,NA,NA
63265905,2.428,NA,4.572,NA,NA,NA
63265906,58.681,NA,10.667,NA,3.353,NA
63265907,56.657,NA,10.972,NA,3.657,NA
63265908,56.657,NA,10.667,NA,3.048,3.657
63265909,2.428,NA,4.267,NA,NA,NA
63265910,76.892,NA,7.01,NA,NA,NA
63265911,63.294,NA,13.411,NA,NA,NA
63265912,3.238,NA,4.572,NA,NA,NA
63265913,43.302,NA,15.239,NA,5.486,NA
63265914,2.023,NA,5.181,NA,NA,NA
63265915,36.908,NA,15.239,NA,2.743,NA
63265916,63.294,NA,13.411,NA,NA,NA
63265917,22.258,NA,10.058,NA,NA,NA
63265919,43.302,NA,13.106,NA,4.572,NA
63265920,41.684,NA,7.315,NA,NA,NA
63265921,37.637,NA,3.657,NA,NA,NA
63265922,6.961,NA,4.572,NA,NA,NA
63265923,13.962,NA,3.353,NA,1.829,NA
63265924,52.61,NA,10.667,NA,3.505,NA
63265925,10.927,NA,9.753,NA,4.572,6.096
63265926,4.371,NA,6.096,NA,1.219,NA
63265927,129.502,NA,NA,NA,NA,NA
63265928,8.094,NA,NA,NA,3.048,NA
63265929,6.07,NA,12.191,NA,5.486,NA
63265930,222.582,NA,1.524,NA,NA,NA
63265931,3885.067,NA,42.975,NA,6.705,8.229
63265932,18.616,NA,12.191,NA,2.591,NA
63265933,16.188,NA,9.753,NA,5.943,NA
63265934,55.848,NA,5.181,NA,3.962,NA
63265935,21.044,NA,33.526,NA,NA,NA
63265936,16.188,NA,1.219,NA,1.219,NA
63265937,53.42,NA,8.382,NA,1.981,3.048
63265938,1.619,NA,12.496,NA,NA,NA
63265939,2290.571,NA,7.62,NA,2.438,NA
63265940,11.938,NA,NA,NA,NA,NA
63265941,45.326,NA,4.267,NA,2.286,NA
63265943,10.522,NA,10.058,NA,4.877,NA
63265944,28.329,NA,0.61,NA,NA,NA
63265945,31.161,NA,7.315,NA,3.048,NA
63265946,720.356,NA,12.191,NA,0.61,1.524
63265947,506.273,NA,12.801,NA,0.762,NA
63265948,8.094,NA,21.335,NA,1.585,NA
63265949,60.704,NA,8.534,NA,NA,NA
63265950,2.752,NA,10.667,NA,2.133,NA
63265951,28.733,NA,7.62,NA,NA,NA
63265952,1.214,NA,8.229,NA,NA,NA
63265953,43.707,NA,16.458,NA,3.2,NA
63265954,23.877,NA,3.048,NA,1.829,NA
63265955,49.373,NA,12.496,NA,3.048,NA
63265957,798.057,NA,7.01,NA,2.895,3.657
63265958,80.939,NA,12.801,NA,3.048,NA
63265959,8.094,NA,1.219,NA,NA,NA
63265961,30.352,NA,22.859,NA,4.267,NA
63265962,11.534,NA,17.678,NA,3.048,NA
63265963,50.992,NA,24.688,NA,3.962,NA
63265964,8.094,NA,NA,NA,NA,NA
63265965,15.581,NA,26.516,NA,3.962,NA
63265966,146.499,NA,9.144,NA,3.81,NA
63265967,141.643,NA,10.667,NA,NA,NA
63265968,4.168,NA,10.972,NA,3.81,NA
63265969,4.047,NA,11.582,NA,NA,NA
63265970,6.88,NA,16.763,NA,3.962,NA
63265971,16.997,NA,26.212,NA,4.572,5.181
63265972,6.313,NA,9.753,NA,4.572,NA
63265973,4.006,NA,7.924,NA,3.048,NA
63265974,11.736,NA,20.116,NA,4.572,NA
63265976,36.22,NA,8.534,NA,2.438,3.048
63265977,435.047,NA,3.048,3.353,2.438,NA
63265978,59.085,NA,10.972,NA,3.048,NA
63265979,254.512,NA,15.544,NA,2.438,2.591
63265980,59.085,NA,10.972,NA,3.048,NA
63265981,254.512,NA,15.544,NA,2.438,2.591
63265982,20.235,NA,13.715,NA,2.743,NA
63265983,24.686,NA,14.02,NA,3.353,3.657
63265984,24.282,NA,3.657,NA,2.743,3.048
63265985,2.509,NA,3.657,NA,3.353,NA
63265986,23.675,NA,9.144,NA,2.743,NA
63265987,23.675,NA,9.144,NA,2.743,NA
63265988,28.397,NA,13.411,NA,2.438,2.591
63265989,107.649,NA,16.763,NA,3.657,3.962
63265990,43.302,NA,17.678,NA,NA,NA
63265992,36.423,NA,12.191,NA,NA,NA
63265993,72.44,NA,13.106,NA,2.438,2.591
63265994,36.423,NA,12.191,NA,NA,NA
63265995,12.141,NA,12.953,NA,1.219,NA
63265996,12.869,NA,2.133,NA,1.422,NA
63265997,141.643,NA,7.924,NA,NA,NA
63265998,412.788,NA,19.506,NA,1.829,NA
63265999,99.555,NA,19.201,NA,2.286,NA
63266000,99.555,NA,19.201,NA,NA,NA
63266001,153.379,NA,10.667,NA,NA,NA
63266002,25.82,NA,22.859,NA,7.01,NA
63266003,49.373,NA,16.763,NA,2.387,NA
63266004,101.174,NA,NA,NA,NA,NA
63266005,101.174,NA,NA,NA,NA,NA
63266006,97.531,NA,13.411,NA,3.353,3.962
63266007,22.946,NA,7.315,NA,3.048,NA
63266008,121.408,NA,NA,NA,NA,NA
63266009,32.376,NA,11.582,NA,NA,NA
63266010,116.957,NA,21.335,NA,3.353,NA
63266011,12.141,NA,6.096,NA,3.657,NA
63266012,24.282,NA,NA,NA,NA,NA
63266013,47.754,NA,26.516,NA,4.419,NA
63266014,293.161,NA,21.335,NA,2.895,3.353
63266015,51.801,NA,15.239,NA,3.962,NA
63266016,34.399,NA,NA,NA,NA,NA
63266017,2.428,28.329,0.61,NA,NA,NA
63266018,123.877,NA,2.743,NA,NA,NA
63266019,60.704,NA,14.02,NA,2.438,NA
63266020,123.877,NA,2.743,NA,NA,NA
63266021,39.255,NA,13.411,NA,2.743,3.048
63266022,40.469,NA,NA,NA,2.438,NA
63266023,4.047,NA,NA,NA,2.895,NA
63266024,25.415,NA,16.154,NA,2.743,NA
63266026,51.477,NA,0.914,NA,NA,NA
63266027,25.415,NA,16.154,NA,2.743,NA
63266028,21.449,NA,18.287,NA,3.657,4.267
63266029,18.211,NA,14.934,NA,4.877,NA
63266030,8.094,NA,12.191,NA,NA,NA
63266031,121.408,NA,4.877,NA,NA,NA
63266032,80.939,NA,9.753,NA,4.572,NA
63266033,2.023,NA,NA,NA,3.962,NA
63266034,8.094,NA,NA,NA,NA,NA
63266035,3.238,NA,8.229,NA,2.133,NA
63266036,60.704,NA,NA,NA,NA,NA
63266037,202.347,NA,16.458,NA,1.981,NA
63266038,122.218,NA,10.058,NA,2.438,NA
63266039,48.968,NA,17.373,NA,3.2,3.353
63266041,37.434,NA,3.657,NA,0.701,0.838
63266042,18.616,NA,3.657,NA,NA,NA
63266043,49.777,NA,14.63,NA,NA,NA
63266044,87.819,NA,6.096,NA,2.743,3.657
63266045,45.73,NA,6.096,NA,4.877,NA
63266046,29.543,NA,8.229,NA,2.438,3.2
63266047,105.625,NA,4.877,NA,0.381,1.143
63266048,6.718,NA,9.144,NA,3.962,NA
63266049,103.602,NA,5.486,NA,2.591,NA
63266050,394.577,NA,11.582,NA,2.438,2.642
63266051,7.204,NA,4.267,NA,2.895,NA
63266052,105.625,NA,4.877,NA,0.305,0.914
63266054,17.807,NA,9.144,NA,2.286,NA
63266055,NA,NA,0.914,NA,NA,NA
63266056,NA,NA,2.438,NA,NA,NA
63266057,7.042,NA,12.191,NA,2.133,NA
63266058,4.1,NA,8.961,NA,NA,NA
63266059,26.831,NA,3.962,NA,0.914,1.067
63266060,40.874,NA,12.801,NA,2.895,NA
63266061,1.7,NA,5.791,NA,NA,NA
63266062,6.88,NA,NA,NA,3.048,NA
63266063,82.962,NA,6.096,NA,3.505,NA
63266064,202.347,NA,NA,NA,NA,NA
63266065,72.845,NA,6.096,NA,3.581,NA
63266066,513.962,NA,8.839,NA,0.762,NA
63266067,2.023,NA,3.048,NA,NA,NA
63266068,62.323,NA,2.667,NA,0.305,0.406
63266069,1.619,NA,1.829,NA,NA,NA
63266070,25.9,NA,7.01,NA,0.914,NA
63266071,465.318,NA,8.534,NA,1.676,NA
63266072,2.023,NA,7.62,NA,NA,NA
63266073,4.047,NA,18.287,NA,NA,NA
63266076,27.681,NA,8.534,NA,2.438,NA
63266077,1.214,NA,3.657,NA,NA,NA
63266078,2.023,NA,4.572,NA,NA,NA
63266079,38.446,NA,13.715,NA,3.048,NA
63266080,12.141,NA,0.635,NA,NA,NA
63266081,45.326,NA,3.048,NA,NA,NA
63266082,1044.112,NA,6.705,NA,1.524,1.829
63264413,0.724,NA,11.887,NA,3.861,NA
63264461,2.428,3.238,7.62,NA,NA,NA
63264473,4.371,NA,1.981,NA,1.219,NA
63264490,14.367,NA,3.657,NA,NA,NA
63264525,38.446,NA,25.907,NA,NA,NA
63264578,NA,NA,NA,NA,NA,NA
63264607,56.657,NA,19.811,NA,3.048,NA
63264666,50.587,NA,12.191,NA,3.657,NA
63264740,28.329,NA,12.191,NA,4.267,NA
63264771,14.164,NA,9.753,NA,NA,NA
63264940,803.399,NA,8.382,NA,2.438,NA
63265026,NA,NA,NA,NA,NA,NA
63265042,NA,NA,NA,NA,NA,NA
63265093,18.211,NA,2.438,NA,NA,NA
63265233,12.141,16.188,3.657,NA,NA,NA
63265316,60.138,NA,7.62,NA,1.524,NA
63265336,306.758,404.694,21.03,NA,3.048,NA
63265415,28.126,NA,12.801,NA,4.267,NA
63265508,2.023,NA,3.048,NA,NA,NA
63265554,2.711,NA,8.534,NA,5.181,NA
63265563,106.435,NA,6.096,NA,NA,NA
63265677,52.61,NA,NA,NA,NA,NA
63265715,8.418,NA,3.657,NA,1.219,NA
63265759,202.347,NA,NA,NA,NA,NA
63265778,455.281,NA,7.924,NA,NA,NA
63265833,202.347,NA,NA,NA,NA,NA
63265886,2.428,NA,15.239,NA,NA,NA
63265893,6.475,NA,1.829,NA,NA,NA
63265918,63.942,NA,8.229,NA,NA,NA
63265942,101.174,121.408,9.144,NA,4.572,NA
63265975,27.115,NA,16.763,NA,6.096,NA
63264464,NA,NA,18.287,NA,3.048,NA
63264531,NA,NA,5.486,NA,NA,NA
63264537,NA,NA,5.486,6.096,1.524,NA
63264539,NA,NA,3.962,4.572,1.524,NA
63264540,NA,NA,8.229,NA,NA,NA
63264586,NA,NA,3.657,NA,NA,NA
63264679,NA,NA,19.811,NA,6.096,7.62
63264693,NA,NA,10.667,NA,1.829,2.438
63264838,NA,NA,4.877,NA,NA,NA
63264841,NA,NA,4.572,NA,3.048,NA
63264933,NA,NA,3.962,NA,NA,NA
63264934,NA,NA,3.962,NA,NA,NA
63264967,NA,NA,11.277,NA,0.254,0.305
63265116,NA,NA,12.039,NA,NA,NA
63265119,NA,NA,12.191,NA,NA,NA
63265194,NA,NA,3.353,NA,NA,NA
63265412,NA,NA,4.877,NA,NA,NA
63265458,NA,NA,6.096,NA,NA,NA
63265477,NA,NA,10.667,NA,3.353,NA
63265500,NA,NA,14.934,NA,NA,NA
63265560,NA,NA,12.496,NA,0.671,NA
63265572,NA,NA,5.486,NA,3.81,NA
63265582,NA,NA,7.62,8.229,3.657,NA
63265600,NA,NA,0.61,NA,NA,NA
63265602,NA,NA,0.914,NA,NA,NA
63265619,NA,NA,14.325,NA,1.524,1.829
63265631,NA,NA,4.267,NA,NA,NA
63265636,NA,NA,0.914,NA,NA,NA
63265648,NA,NA,9.144,NA,2.743,NA
63265696,NA,NA,10.363,NA,1.829,NA
63265748,NA,NA,3.2,NA,NA,NA
63265751,NA,NA,2.652,NA,2.286,NA
63265765,NA,NA,10.21,12.191,2.133,NA
63265817,NA,NA,2.743,NA,NA,NA
63265891,NA,NA,NA,NA,1.829,NA
63265991,NA,NA,2.438,NA,NA,NA
63264424,NA,NA,8.229,NA,NA,NA
63264463,NA,NA,9.448,NA,NA,NA
63264465,NA,NA,13.106,NA,NA,NA
63264500,NA,NA,15.239,16.763,NA,NA
63264505,NA,NA,6.096,NA,1.829,2.133
63264524,NA,NA,6.4,NA,NA,NA
63264691,NA,NA,1.524,NA,NA,NA
63264948,NA,NA,15.239,NA,NA,NA
63264976,NA,NA,3.048,NA,NA,NA
63265056,NA,NA,8.229,NA,NA,NA
63265086,NA,NA,2.438,NA,0.914,NA
63265151,NA,NA,3.048,3.657,NA,NA
63265228,NA,NA,7.62,NA,NA,NA
63265422,NA,NA,4.572,NA,3.048,NA
63265612,NA,NA,3.962,NA,1.219,NA
63265634,NA,NA,NA,NA,3.962,NA
63265637,NA,NA,13.106,NA,3.505,3.81
63265780,NA,NA,4.572,5.181,2.286,NA
63265956,NA,NA,8.229,NA,NA,NA
63266075,NA,NA,4.572,NA,NA,NA
63264366,NA,NA,NA,NA,4.572,NA
63264519,NA,NA,NA,NA,0.305,NA
63264534,NA,NA,NA,NA,3.505,NA
63264963,NA,NA,NA,NA,3.353,NA
63265054,NA,NA,NA,NA,4.115,NA
63265205,NA,NA,NA,NA,5.12,5.334
63265621,NA,NA,NA,NA,1.524,NA
63265744,NA,NA,NA,NA,4.877,NA
63265753,NA,NA,NA,NA,1.829,NA
63265960,NA,NA,NA,NA,4.115,NA
63264347,NA,NA,NA,NA,2.438,2.743
63264365,NA,NA,NA,NA,4.572,NA
63264467,NA,NA,NA,NA,0.762,1.067
63264509,NA,NA,NA,NA,0.914,NA
63264516,NA,NA,NA,NA,2.133,2.438
63264624,NA,NA,NA,NA,NA,NA
63264672,NA,NA,NA,NA,2.133,2.438
