"subject_id","subject_id_match"
63264307,58687245
63264308,58687251
63264309,58687243
63264310,58687249
63264311,58687248
63264312,58687252
63264313,58687253
63264314,58687250
63264315,58687254
63264316,58687256
63264317,58687255
63264318,58687258
63264319,58687257
63264320,58687259
63264321,58687260
63264322,58687261
63264323,58687262
63264324,58687264
63264325,58687265
63264326,58687269
63264327,58687266
63264328,58687270
63264329,58687271
63264330,58687272
63264331,58687273
63264332,58687274
63264333,58687277
63264334,58687278
63264335,58687279
63264336,58687280
63264337,58687281
63264338,58687282
63264339,58687284
63264340,58687283
63264341,58687285
63264342,58687286
63264343,58687287
63264344,58687289
63264345,58687290
63264346,58687291
63264347,58687293
63264348,58687294
63264349,58687297
63264350,58687296
63264351,58687299
63264352,58687295
63264353,58687303
63264354,58687304
63264355,58687308
63264356,58687309
63264357,58687311
63264358,58687312
63264359,58687313
63264360,58687316
63264361,58687315
63264362,58687317
63264363,58687318
63264364,58687319
63264365,58687320
63264366,58687321
63264367,58687322
63264368,58687324
63264369,58687323
63264370,58687326
63264371,58687325
63264372,58687328
63264373,58687327
63264374,58687329
63264375,58687330
63264376,58687331
63264377,58687332
63264378,58687333
63264379,58687334
63264380,58687336
63264381,58687338
63264382,58687339
63264383,58687335
63264384,58687337
63264385,58687343
63264386,58687342
63264387,58687344
63264388,58687340
63264389,58687345
63264390,58687346
63264391,58687349
63264392,58687347
63264393,58687348
63264394,58687350
63264395,58687351
63264396,58687352
63264397,58687353
63264398,58687354
63264399,58687356
63264400,58687355
63264401,58687358
63264402,58687357
63264403,58687360
63264404,58687363
63264405,58687359
63264406,58687362
63264407,58687361
63264408,58687366
63264409,58687365
63264410,58687364
63264411,58687367
63264412,58687368
63264413,58687370
63264414,58687369
63264415,58687373
63264416,58687372
63264417,58687371
63264418,58687375
63264419,58687374
63264420,58687376
63264421,58687381
63264422,58687384
63264423,58687382
63264424,58687385
63264425,58687386
63264426,58687387
63264427,58687388
63264428,58687390
63264429,58687389
63264430,58687391
63264431,58687392
63264432,58687393
63264433,58687395
63264434,58687396
63264435,58687394
63264436,58687397
63264437,58687398
63264438,58687400
63264439,58687399
63264440,58687402
63264441,58687401
63264442,58687403
63264443,58687405
63264444,58687406
63264445,58687404
63264446,58687408
63264447,58687410
63264448,58687411
63264449,58687416
63264450,58687414
63264451,58687413
63264452,58687412
63264453,58687415
63264454,58687418
63264455,58687420
63264456,58687419
63264457,58687417
63264458,58687421
63264459,58687425
63264460,58687422
63264461,58687426
63264462,58687423
63264463,58687424
63264464,58687427
63264465,58687428
63264466,58687432
63264467,58687430
63264468,58687431
63264469,58687433
63264470,58687429
63264471,58687435
63264472,58687436
63264473,58687438
63264474,58687437
63264475,58687434
63264476,58687440
63264477,58687439
63264478,58687441
63264479,58687443
63264480,58687442
63264481,58687444
63264482,58687445
63264483,58687450
63264484,58687446
63264485,58687448
63264486,58687447
63264487,58687449
63264488,58687451
63264489,58687452
63264490,58687453
63264491,58687455
63264492,58687454
63264493,58687456
63264494,58687457
63264495,58687461
63264496,58687460
63264497,58687459
63264498,58687463
63264499,58687462
63264500,58687464
63264501,58687467
63264502,58687466
63264503,58687468
63264504,58687465
63264505,58687469
63264506,58687470
63264507,58687473
63264508,58687472
63264509,58687471
63264510,58687474
63264511,58687475
63264512,58687478
63264513,58687476
63264514,58687477
63264515,58687481
63264516,58687479
63264517,58687484
63264518,58687486
63264519,58687485
63264520,58687482
63264521,58687483
63264522,58687488
63264523,58687487
63264524,58687490
63264525,58687489
63264526,58687491
63264527,58687492
63264528,58687493
63264529,58687494
63264530,58687495
63264531,58687496
63264532,58687497
63264533,58687498
63264534,58687502
63264535,58687504
63264536,58687500
63264537,58687501
63264538,58687503
63264539,58687506
63264540,58687505
63264541,58687508
63264542,58687507
63264543,58687509
63264544,58687513
63264545,58687512
63264546,58687514
63264547,58687510
63264548,58687515
63264549,58687516
63264550,58687517
63264551,58687519
63264552,58687521
63264553,58687523
63264554,58687522
63264555,58687520
63264556,58687526
63264557,58687524
63264558,58687525
63264559,58687528
63264560,58687527
63264561,58687529
63264562,58687530
63264563,58687531
63264564,58687533
63264565,58687532
63264566,58687534
63264567,58687535
63264568,58687538
63264569,58687539
63264570,58687536
63264571,58687537
63264572,58687540
63264573,58687542
63264574,58687545
63264575,58687541
63264576,58687543
63264577,58687544
63264578,58687546
63264579,58687550
63264580,58687549
63264581,58687547
63264582,58687548
63264583,58687551
63264584,58687552
63264585,58687558
63264586,58687557
63264587,58687556
63264588,58687555
63264589,58687553
63264590,58687559
63264591,58687560
63264592,58687561
63264593,58687564
63264594,58687565
63264595,58687568
63264596,58687566
63264597,58687569
63264598,58687571
63264599,58687570
63264600,58687572
63264601,58687573
63264602,58687575
63264603,58687576
63264604,58687577
63264605,58687574
63264606,58687578
63264607,58687590
63264608,58687597
63264609,58687600
63264610,58687602
63264611,58687601
63264612,58687603
63264613,58687605
63264614,58687604
63264615,58687606
63264616,58687608
63264617,58687609
63264618,58687610
63264619,58687611
63264620,58687616
63264621,58687612
63264622,58687614
63264623,58687613
63264624,58687617
63264625,58687618
63264626,58687620
63264627,58687619
63264628,58687621
63264629,58687622
63264630,58687624
63264631,58687625
63264632,58687627
63264633,58687626
63264634,58687628
63264635,58687629
63264636,58687634
63264637,58687632
63264638,58687631
63264639,58687633
63264640,58687630
63264641,58687636
63264642,58687637
63264643,58687635
63264644,58687638
63264645,58687639
63264646,58687640
63264647,58687641
63264648,58687642
63264649,58687643
63264650,58687644
63264651,58687645
63264652,58687646
63264653,58687647
63264654,58687649
63264655,58687651
63264656,58687652
63264657,58687650
63264658,58687654
63264659,58687653
63264660,58687657
63264661,58687655
63264662,58687658
63264663,58687659
63264664,58687660
63264665,58687663
63264666,58687662
63264667,58687661
63264668,58687664
63264669,58687665
63264670,58687666
63264671,58687669
63264672,58687668
63264673,58687667
63264674,58687670
63264675,58687671
63264676,58687676
63264677,58687672
63264678,58687673
63264679,58687675
63264680,58687678
63264681,58687677
63264682,58687679
63264683,58687680
63264684,58687681
63264685,58687682
63264686,58687683
63264687,58687685
63264688,58687687
63264689,58687686
63264690,58687684
63264691,58687688
63264692,58687689
63264693,58687690
63264694,58687691
63264695,58687694
63264696,58687693
63264697,58687695
63264698,58687699
63264699,58687698
63264700,58687696
63264701,58687700
63264702,58687702
63264703,58687701
63264704,58687703
63264705,58687704
63264706,58687708
63264707,58687706
63264708,58687705
63264709,58687710
63264710,58687712
63264711,58687714
63264712,58687711
63264713,58687713
63264714,58687716
63264715,58687717
63264716,58687718
63264717,58687719
63264718,58687720
63264719,58687721
63264720,58687722
63264721,58687725
63264722,58687724
63264723,58687723
63264724,58687726
63264725,58687727
63264726,58687730
63264727,58687729
63264728,58687731
63264729,58687728
63264730,58687732
63264731,58687734
63264732,58687736
63264733,58687735
63264734,58687737
63264735,58687733
63264736,58687738
63264737,58687739
63264738,58687741
63264739,58687744
63264740,58687742
63264741,58687743
63264742,58687740
63264743,58687745
63264744,58687746
63264745,58687747
63264746,58687756
63264747,58687748
63264748,58687758
63264749,58687760
63264750,58687764
63264751,58687766
63264752,58687765
63264753,58687768
63264754,58687767
63264755,58687781
63264756,58687772
63264757,58687770
63264758,58687779
63264759,58687775
63264760,58687782
63264761,58687784
63264762,58687783
63264763,58687788
63264764,58687791
63264765,58687792
63264766,58687794
63264767,58687795
63264768,58687793
63264769,58687796
63264770,58687798
63264771,58687797
63264772,58687801
63264773,58687800
63264774,58687802
63264775,58687803
63264776,58687799
63264777,58687806
63264778,58687805
63264779,58687804
63264780,58687808
63264781,58687807
63264782,58687809
63264783,58687810
63264784,58687813
63264785,58687812
63264786,58687811
63264787,58687815
63264788,58687814
63264789,58687816
63264790,58687817
63264791,58687819
63264792,58687820
63264793,58687818
63264794,58687824
63264795,58687821
63264796,58687825
63264797,58687823
63264798,58687822
63264799,58687827
63264800,58687826
63264801,58687828
63264802,58687830
63264803,58687829
63264804,58687831
63264805,58687832
63264806,58687835
63264807,58687836
63264808,58687834
63264809,58687833
63264810,58687837
63264811,58687838
63264812,58687839
63264813,58687841
63264814,58687840
63264815,58687842
63264816,58687843
63264817,58687846
63264818,58687847
63264819,58687844
63264820,58687845
63264821,58687848
63264822,58687849
63264823,58687851
63264824,58687852
63264825,58687854
63264826,58687850
63264827,58687853
63264828,58687855
63264829,58687856
63264830,58687857
63264831,58687859
63264832,58687858
63264833,58687860
63264834,58687862
63264835,58687861
63264836,58687863
63264837,58687864
63264838,58687867
63264839,58687865
63264840,58687869
63264841,58687871
63264842,58687868
63264843,58687872
63264844,58687870
63264845,58687873
63264846,58687878
63264847,58687874
63264848,58687877
63264849,58687876
63264850,58687879
63264851,58687880
63264852,58687881
63264853,58687882
63264854,58687884
63264855,58687885
63264856,58687886
63264857,58687887
63264858,58687890
63264859,58687888
63264860,58687889
63264861,58687891
63264862,58687893
63264863,58687896
63264864,58687892
63264865,58687894
63264866,58687895
63264867,58687897
63264868,58687899
63264869,58687898
63264870,58687900
63264871,58687901
63264872,58687902
63264873,58687903
63264874,58687905
63264875,58687910
63264876,58687907
63264877,58687908
63264878,58687904
63264879,58687911
63264880,58687913
63264881,58687914
63264882,58687912
63264883,58687915
63264884,58687916
63264885,58687918
63264886,58687920
63264887,58687917
63264888,58687919
63264889,58687921
63264890,58687922
63264891,58687927
63264892,58687925
63264893,58687923
63264894,58687926
63264895,58687924
63264896,58687929
63264897,58687928
63264898,58687930
63264899,58687932
63264900,58687931
63264901,58687936
63264902,58687935
63264903,58687934
63264904,58687937
63264905,58687933
63264906,58687938
63264907,58687940
63264908,58687942
63264909,58687941
63264910,58687945
63264911,58687944
63264912,58687943
63264913,58687946
63264914,58687947
63264915,58687950
63264916,58687948
63264917,58687949
63264918,58687952
63264919,58687951
63264920,58687953
63264921,58687954
63264922,58687955
63264923,58687956
63264924,58687957
63264925,58687961
63264926,58687958
63264927,58687960
63264928,58687963
63264929,58687959
63264930,58687965
63264931,58687966
63264932,58687968
63264933,58687967
63264934,58687969
63264935,58687970
63264936,58687971
63264937,58687973
63264938,58687972
63264939,58687974
63264940,58687975
63264941,58687976
63264942,58687982
63264943,58687980
63264944,58687979
63264945,58687977
63264946,58687984
63264947,58687987
63264948,58687986
63264949,58687988
63264950,58687989
63264951,58687990
63264952,58687991
63264953,58687992
63264954,58687993
63264955,58687994
63264956,58687996
63264957,58687997
63264958,58687998
63264959,58688001
63264960,58688000
63264961,58688003
63264962,58688002
63264963,58687999
63264964,58688004
63264965,58688006
63264966,58688008
63264967,58688005
63264968,58688007
63264969,58688009
63264970,58688010
63264971,58688012
63264972,58688013
63264973,58688011
63264974,58688014
63264975,58688015
63264976,58688017
63264977,58688019
63264978,58688016
63264979,58688018
63264980,58688020
63264981,58688024
63264982,58688025
63264983,58688021
63264984,58688023
63264985,58688022
63264986,58688029
63264987,58688026
63264988,58688030
63264989,58688028
63264990,58688027
63264991,58688031
63264992,58688032
63264993,58688035
63264994,58688036
63264995,58688033
63264996,58688034
63264997,58688037
63264998,58688039
63264999,58688038
63265000,58688040
63265001,58688041
63265002,58688042
63265003,58688045
63265004,58688044
63265005,58688043
63265006,58688046
63265007,58688047
63265008,58688049
63265009,58688048
63265010,58688050
63265011,58688053
63265012,58688052
63265013,58688054
63265014,58688051
63265015,58688055
63265016,58688057
63265017,58688056
63265018,58688058
63265019,58688061
63265020,58688062
63265021,58688063
63265022,58688065
63265023,58688067
63265024,58688064
63265025,58688069
63265026,58688068
63265027,58688070
63265028,58688072
63265029,58688073
63265030,58688075
63265031,58688074
63265032,58688076
63265033,58688078
63265034,58688077
63265035,58688079
63265036,58688080
63265037,58688081
63265038,58688083
63265039,58688087
63265040,58688082
63265041,58688088
63265042,58688089
63265043,58688090
63265044,58688093
63265045,59070543
63265046,59070544
63265047,59070542
63265048,58688092
63265049,59070545
63265050,59070549
63265051,59070547
63265052,59070550
63265053,59070546
63265054,59070551
63265055,59070561
63265056,59070559
63265057,59070554
63265058,59070562
63265059,59070565
63265060,59070563
63265061,59070570
63265062,59070577
63265063,59070571
63265064,59070579
63265065,59070578
63265066,59070580
63265067,59070582
63265068,59070584
63265069,59070585
63265070,59070587
63265071,59070588
63265072,59070586
63265073,59070589
63265074,59070590
63265075,59070591
63265076,59070592
63265077,59070593
63265078,59070594
63265079,59070597
63265080,59070595
63265081,59070598
63265082,59070596
63265083,59070601
63265084,59070600
63265085,59070599
63265086,59070603
63265087,59070602
63265088,59070608
63265089,59070605
63265090,59070606
63265091,59070604
63265092,59070607
63265093,59070609
63265094,59070610
63265095,59070612
63265096,59070611
63265097,59070614
63265098,59070613
63265099,59070615
63265100,59070616
63265101,59070617
63265102,59070619
63265103,59070618
63265104,59070620
63265105,59070621
63265106,59070622
63265107,59070623
63265108,59070624
63265109,59070625
63265110,59070627
63265111,59070626
63265112,59070628
63265113,59070631
63265114,59070630
63265115,59070629
63265116,59070632
63265117,59070633
63265118,59070634
63265119,59070636
63265120,59070637
63265121,59070635
63265122,59070638
63265123,59070639
63265124,59070640
63265125,59070641
63265126,59070642
63265127,59070644
63265128,59070643
63265129,59070648
63265130,59070647
63265131,59070645
63265132,59070649
63265133,59070646
63265134,59070650
63265135,59070651
63265136,59070652
63265137,59070654
63265138,59070653
63265139,59070656
63265140,59070655
63265141,59070657
63265142,59070658
63265143,59070659
63265144,59070660
63265145,59070661
63265146,59070663
63265147,59070664
63265148,59070662
63265149,59070665
63265150,59070666
63265151,59070670
63265152,59070669
63265153,59070668
63265154,59070667
63265155,59070671
63265156,59070672
63265157,59070673
63265158,59070674
63265159,59070676
63265160,59070675
63265161,59070677
63265162,59070678
63265163,59070684
63265164,59070682
63265165,59070679
63265166,59070685
63265167,59070681
63265168,59070686
63265169,59070687
63265170,59070688
63265171,59070690
63265172,59070689
63265173,59070692
63265174,59070694
63265175,59070691
63265176,59070695
63265177,59070693
63265178,59070696
63265179,59070697
63265180,59070700
63265181,59070701
63265182,59070702
63265183,59070699
63265184,59070698
63265185,59070704
63265186,59070703
63265187,59070706
63265188,59070707
63265189,59070705
63265190,59070709
63265191,59070713
63265192,59070712
63265193,59070711
63265194,59070708
63265195,59070717
63265196,59070718
63265197,59070721
63265198,59070720
63265199,59070724
63265200,59070719
63265201,59070723
63265202,59070728
63265203,59070729
63265204,59070734
63265205,59070733
63265206,59070731
63265207,59070735
63265208,59070738
63265209,59070736
63265210,59070737
63265211,59070739
63265212,59070740
63265213,59070741
63265214,59070742
63265215,59070744
63265216,59070745
63265217,59070746
63265218,59070743
63265219,59070748
63265220,59070752
63265221,59070753
63265222,59070751
63265223,59070750
63265224,59070754
63265225,59070755
63265226,59070756
63265227,59070758
63265228,59070759
63265229,59070760
63265230,59070761
63265231,59070766
63265232,59070763
63265233,59070762
63265234,59070764
63265235,59070765
63265236,59070767
63265237,59070771
63265238,59070769
63265239,59070770
63265240,59070772
63265241,59070773
63265242,59070774
63265243,59070776
63265244,59070775
63265245,59070777
63265246,59070778
63265247,59070779
63265248,59070781
63265249,59070782
63265250,59070783
63265251,59070780
63265252,59070784
63265253,59070785
63265254,59070786
63265255,59070787
63265256,59070788
63265257,59070789
63265258,59070791
63265259,59070790
63265260,59070792
63265261,59070793
63265262,59070794
63265263,59070795
63265264,59070796
63265265,59070797
63265266,59070799
63265267,59070798
63265268,59070800
63265269,59070801
63265270,59070802
63265271,59070805
63265272,59070806
63265273,59070803
63265274,59070804
63265275,59070810
63265276,59070807
63265277,59070808
63265278,59070809
63265279,59070811
63265280,59070813
63265281,59070812
63265282,59070817
63265283,59070818
63265284,59070815
63265285,59070814
63265286,59070816
63265287,59070819
63265288,59070821
63265289,59070822
63265290,59070820
63265291,59070823
63265292,59070825
63265293,59070826
63265294,59070828
63265295,59070827
63265296,59070829
63265297,59070830
63265298,59070831
63265299,59070835
63265300,59070832
63265301,59070833
63265302,59070834
63265303,59070836
63265304,59070837
63265305,59070838
63265306,59070839
63265307,59070840
63265308,59070841
63265309,59070843
63265310,59070842
63265311,59070844
63265312,59070845
63265313,59070846
63265314,59070847
63265315,59070848
63265316,59070850
63265317,59070849
63265318,59070851
63265319,59070852
63265320,59070853
63265321,59070854
63265322,59070856
63265323,59070857
63265324,59070858
63265325,59070859
63265326,59070863
63265327,59070862
63265328,59070861
63265329,59070860
63265330,59070864
63265331,59070865
63265332,59070866
63265333,59070870
63265334,59070868
63265335,59070869
63265336,59070871
63265337,59070867
63265338,59070872
63265339,59070873
63265340,59070875
63265341,59070876
63265342,59070874
63265343,59070877
63265344,59070879
63265345,59070880
63265346,59070878
63265347,59070881
63265348,59070882
63265349,59070883
63265350,59070886
63265351,59070888
63265352,59070887
63265353,59070884
63265354,59070885
63265355,59070890
63265356,59070889
63265357,59070891
63265358,59070892
63265359,59070893
63265360,59070894
63265361,59070895
63265362,59070897
63265363,59070898
63265364,59070896
63265365,59070899
63265366,59070900
63265367,59070903
63265368,59070902
63265369,59070905
63265370,59070901
63265371,59070904
63265372,59070906
63265373,59070907
63265374,59070908
63265375,59070909
63265376,59070910
63265377,59070911
63265378,59070912
63265379,59070915
63265380,59070913
63265381,59070914
63265382,59070916
63265383,59070917
63265384,59070918
63265385,59070922
63265386,59070921
63265387,59070920
63265388,59070919
63265389,59070923
63265390,59070924
63265391,59070925
63265392,59070927
63265393,59070926
63265394,59070928
63265395,59070930
63265396,59070929
63265397,59070931
63265398,59070932
63265399,59070933
63265400,59070934
63265401,59070939
63265402,59070938
63265403,59070935
63265404,59070937
63265405,59070936
63265406,59070944
63265407,59070941
63265408,59070943
63265409,59070940
63265410,59070942
63265411,59070945
63265412,59070947
63265413,59070949
63265414,59070946
63265415,59070948
63265416,59070951
63265417,59070952
63265418,59070955
63265419,59070956
63265420,59070953
63265421,59070954
63265422,59070957
63265423,59070961
63265424,59070959
63265425,59070962
63265426,59070963
63265427,59070960
63265428,59070965
63265429,59070964
63265430,59070967
63265431,59070968
63265432,59070969
63265433,59070970
63265434,59070971
63265435,59070974
63265436,59070976
63265437,59070972
63265438,59070975
63265439,59070973
63265440,59070979
63265441,59070980
63265442,59070981
63265443,59070982
63265444,59070977
63265445,59070984
63265446,59070983
63265447,59070985
63265448,59070986
63265449,59070987
63265450,59070988
63265451,59070989
63265452,59070993
63265453,59070991
63265454,59070994
63265455,59070990
63265456,59070992
63265457,59070996
63265458,59070995
63265459,59070997
63265460,59070999
63265461,59070998
63265462,59071001
63265463,59071000
63265464,59071002
63265465,59071003
63265466,59071004
63265467,59071006
63265468,59071005
63265469,59071012
63265470,59071008
63265471,59071007
63265472,59071009
63265473,59071011
63265474,59071013
63265475,59071016
63265476,59071014
63265477,59071015
63265478,59071017
63265479,59071018
63265480,59071019
63265481,59071020
63265482,59071022
63265483,59071021
63265484,59071024
63265485,59071023
63265486,59071027
63265487,59071025
63265488,59071028
63265489,59071029
63265490,59071026
63265491,59071030
63265492,59071031
63265493,59071033
63265494,59071032
63265495,59071034
63265496,59071036
63265497,59071035
63265498,59071038
63265499,59071037
63265500,59071039
63265501,59071040
63265502,59071041
63265503,59071043
63265504,59071044
63265505,59071042
63265506,59071046
63265507,59071045
63265508,59071047
63265509,59071048
63265510,59071050
63265511,59071051
63265512,59071049
63265513,59071052
63265514,59071053
63265515,59071054
63265516,59071056
63265517,59071057
63265518,59071059
63265519,59071060
63265520,59071062
63265521,59071063
63265522,59071065
63265523,59071064
63265524,59071061
63265525,59071066
63265526,59071067
63265527,59071071
63265528,59071069
63265529,59071068
63265530,59071075
63265531,59071073
63265532,59071074
63265533,59071072
63265534,59071076
63265535,59071077
63265536,59071078
63265537,59071080
63265538,59071082
63265539,59071084
63265540,59071079
63265541,59071083
63265542,59071085
63265543,59071086
63265544,59071087
63265545,59071088
63265546,59071089
63265547,59071090
63265548,59071092
63265549,59071091
63265550,59071094
63265551,59071093
63265552,59071095
63265553,59071096
63265554,59071106
63265555,59071105
63265556,59071103
63265557,59071097
63265558,59071101
63265559,59071112
63265560,59071111
63265561,59071114
63265562,59071110
63265563,59071113
63265564,59071115
63265565,59071116
63265566,59071118
63265567,59071117
63265568,59071119
63265569,59071120
63265570,59071121
63265571,59071122
63265572,59071123
63265573,59071125
63265574,59071126
63265575,59071124
63265576,59071128
63265577,59071129
63265578,59071127
63265579,59071130
63265580,59071131
63265581,59071132
63265582,59071133
63265583,59071134
63265584,59071135
63265585,59071136
63265586,59071138
63265587,59071137
63265588,59071140
63265589,59071142
63265590,59071141
63265591,59071143
63265592,59071139
63265593,59071145
63265594,59071146
63265595,59071144
63265596,59071148
63265597,59071147
63265598,59071151
63265599,59071150
63265600,59071152
63265601,59071154
63265602,59071153
63265603,59071158
63265604,59071156
63265605,59071161
63265606,59071163
63265607,59071159
63265608,59071162
63265609,59071164
63265610,59071166
63265611,59071167
63265612,59071165
63265613,59071168
63265614,59071169
63265615,59071170
63265616,59071171
63265617,59071172
63265618,59071173
63265619,59071175
63265620,59071177
63265621,59071176
63265622,59071183
63265623,59071181
63265624,59071180
63265625,59071179
63265626,59071182
63265627,59071188
63265628,59071184
63265629,59071186
63265630,59071185
63265631,59071187
63265632,59071190
63265633,59071192
63265634,59071189
63265635,59071191
63265636,59071193
63265637,59071195
63265638,59071194
63265639,59071197
63265640,59071196
63265641,59071198
63265642,59071199
63265643,59071200
63265644,59071202
63265645,59071203
63265646,59071201
63265647,59071205
63265648,59071204
63265649,59071209
63265650,59071206
63265651,59071208
63265652,59071210
63265653,59071207
63265654,59071211
63265655,59071213
63265656,59071216
63265657,59071217
63265658,59071218
63265659,59071215
63265660,59071214
63265661,59071219
63265662,59071224
63265663,59071220
63265664,59071225
63265665,59071226
63265666,59071227
63265667,59071232
63265668,59071229
63265669,59071234
63265670,59071235
63265671,59071236
63265672,59071237
63265673,59071238
63265674,59071240
63265675,59071242
63265676,59071241
63265677,59071243
63265678,59071244
63265679,59071245
63265680,59071246
63265681,59071247
63265682,59071248
63265683,59071249
63265684,59071251
63265685,59071250
63265686,59071252
63265687,59071253
63265688,59071254
63265689,59071255
63265690,59071258
63265691,59071260
63265692,59071259
63265693,59071256
63265694,59071257
63265695,59071263
63265696,59071265
63265697,59071262
63265698,59071264
63265699,59071261
63265700,59071267
63265701,59071268
63265702,59071269
63265703,59071271
63265704,59071266
63265705,59071272
63265706,59071273
63265707,59071274
63265708,59071278
63265709,59071276
63265710,59071275
63265711,59071277
63265712,59071279
63265713,59071282
63265714,59071280
63265715,59071281
63265716,59071283
63265717,59071284
63265718,59071285
63265719,59071287
63265720,59071286
63265721,59071288
63265722,59071289
63265723,59071290
63265724,59071292
63265725,59071293
63265726,59071291
63265727,59071295
63265728,59071294
63265729,59071296
63265730,59071297
63265731,59071298
63265732,59071300
63265733,59071299
63265734,59071301
63265735,59071302
63265736,59071303
63265737,59071304
63265738,59071305
63265739,59071306
63265740,59071307
63265741,59071308
63265742,59071310
63265743,59071309
63265744,59071311
63265745,59071312
63265746,59071315
63265747,59071313
63265748,59071316
63265749,59071317
63265750,59071318
63265751,59071319
63265752,59071320
63265753,59071322
63265754,59071321
63265755,59071323
63265756,59071324
63265757,59071325
63265758,59071328
63265759,59071327
63265760,59071326
63265761,59071330
63265762,59071331
63265763,59071332
63265764,59071333
63265765,59071334
63265766,59071336
63265767,59071337
63265768,59071342
63265769,59071341
63265770,59071339
63265771,59071340
63265772,59071338
63265773,59071343
63265774,59071344
63265775,59071346
63265776,59071349
63265777,59071348
63265778,59071345
63265779,59071347
63265780,59071350
63265781,59071351
63265782,59071352
63265783,59071353
63265784,59071354
63265785,59071355
63265786,59071356
63265787,59071357
63265788,59071359
63265789,59071360
63265790,59071361
63265791,59071362
63265792,59071364
63265793,59071363
63265794,59071365
63265795,59071366
63265796,59071367
63265797,59071368
63265798,59071371
63265799,59071369
63265800,59071370
63265801,59071372
63265802,59071373
63265803,59071376
63265804,59071375
63265805,59071374
63265806,59071377
63265807,59071378
63265808,59071379
63265809,59071382
63265810,59071381
63265811,59071383
63265812,59071380
63265813,59071384
63265814,59071387
63265815,59071388
63265816,59071391
63265817,59071392
63265818,59071386
63265819,59071385
63265820,59071390
63265821,59071393
63265822,59071394
63265823,59071401
63265824,59071398
63265825,59071404
63265826,59071406
63265827,59071405
63265828,59071407
63265829,59071408
63265830,59071409
63265831,59071410
63265832,59106684
63265833,59106680
63265834,59106683
63265835,59106682
63265836,59106685
63265837,59106687
63265838,59106688
63265839,59106689
63265840,59106690
63265841,59106691
63265842,59106692
63265843,59106693
63265844,59106695
63265845,59106694
63265846,59106696
63265847,59106697
63265848,59106698
63265849,59106700
63265850,59106701
63265851,59106699
63265852,59106702
63265853,59106704
63265854,59106703
63265855,59106706
63265856,59106707
63265857,59106708
63265858,59106710
63265859,59106709
63265860,59106713
63265861,59106715
63265862,59106711
63265863,59106714
63265864,59106716
63265865,59106717
63265866,59106719
63265867,59106718
63265868,59106720
63265869,59106721
63265870,59106722
63265871,59106723
63265872,59106725
63265873,59106726
63265874,59106724
63265875,59106728
63265876,59106727
63265877,59106729
63265878,59106732
63265879,59106730
63265880,59106733
63265881,59106731
63265882,59106734
63265883,59106735
63265884,59106736
63265885,59106737
63265886,59106738
63265887,59106739
63265888,59106740
63265889,59106741
63265890,59106742
63265891,59106743
63265892,59106744
63265893,59106746
63265894,59106747
63265895,59106750
63265896,59106748
63265897,59106751
63265898,59106749
63265899,59106752
63265900,59106753
63265901,59106754
63265902,59106755
63265903,59106756
63265904,59106757
63265905,59106758
63265906,59106759
63265907,59106761
63265908,59106760
63265909,59106762
63265910,59106763
63265911,59106765
63265912,59106764
63265913,59106768
63265914,59106766
63265915,59106767
63265916,59106769
63265917,59106770
63265918,59106771
63265919,59106772
63265920,59106773
63265921,59106775
63265922,59106774
63265923,59106776
63265924,59106778
63265925,59106777
63265926,59106780
63265927,59106779
63265928,59106783
63265929,59106781
63265930,59106785
63265931,59106784
63265932,59106782
63265933,59106786
63265934,59106791
63265935,59106789
63265936,59106792
63265937,59106794
63265938,59106793
63265939,59106796
63265940,59106797
63265941,59106798
63265942,59106799
63265943,59106801
63265944,59106800
63265945,59106802
63265946,59106805
63265947,59106804
63265948,59106803
63265949,59106806
63265950,59106816
63265951,59106807
63265952,59106811
63265953,59106809
63265954,59106810
63265955,59106818
63265956,59106822
63265957,59106820
63265958,59106821
63265959,59106828
63265960,59106830
63265961,59106831
63265962,59106835
63265963,59106836
63265964,59106834
63265965,59106832
63265966,59106837
63265967,59106838
63265968,59106839
63265969,59106840
63265970,59106841
63265971,59106842
63265972,59106843
63265973,59106844
63265974,59106846
63265975,59106847
63265976,59106849
63265977,59106850
63265978,59574614
63265979,59574615
63265980,59574616
63265981,59574618
63265982,59574619
63265983,59574620
63265984,59574621
63265985,59574623
63265986,59574626
63265987,59574625
63265988,59574624
63265989,59574627
63265990,59574630
63265991,59574628
63265992,59574631
63265993,59574632
63265994,59574633
63265995,59574634
63265996,59574635
63265997,59574639
63265998,59574636
63265999,59574637
63266000,59574638
63266001,59574640
63266002,59574641
63266003,59574642
63266004,59574643
63266005,59574644
63266006,59574647
63266007,59574648
63266008,59574645
63266009,59574649
63266010,59574650
63266011,59574651
63266012,61362578
63266013,61362583
63266014,61362579
63266015,61362581
63266016,61362580
63266017,61362582
63266018,61362588
63266019,61362584
63266020,61362585
63266021,61362586
63266022,61362587
63266023,61362589
63266024,61362590
63266025,61362591
63266026,61362592
63266027,61362593
63266028,61362594
63266029,61362595
63266030,61362597
63266031,61362599
63266032,61362596
63266033,61362598
63266034,61362600
63266035,61362602
63266036,61362601
63266037,61362605
63266038,61362604
63266039,61362603
63266040,61362608
63266041,61362606
63266042,61362610
63266043,61362609
63266044,61362611
63266045,61362612
63266046,61362613
63266047,61362618
63266048,61362617
63266049,61362616
63266050,61362615
63266051,61362614
63266052,61362619
63266053,61362621
63266054,61362623
63266055,61362626
63266056,61362622
63266057,61362627
63266058,61362633
63266059,61362628
63266060,61362632
63266061,61362629
63266062,61362634
63266063,61362635
63266064,61362637
63266065,61362636
63266066,61362638
63266067,61362641
63266068,61362639
63266069,61362647
63266070,61362646
63266071,61362642
63266072,61362644
63266073,61362648
63266074,61362650
63266075,61362652
63266076,61362649
63266077,61362651
63266078,61362653
63266079,61362654
63266080,61362655
63266081,61362656
63266082,61362657
