_ - id,_ - name,_ - section,_ - created_at,_ - user_id,_ - comment_id,subject_id,_ - taggable_type,_ - project_id,_ - user_login
3189654,brackets,project-9462,2021-10-15T13:52:41.951Z,2017299,3566757,59969712,Subject,9462,brookerjarvis
3210332,brackets,project-9462,2021-10-24T10:26:23.156Z,2017299,3589447,59969712,Subject,9462,brookerjarvis
3210980,brackets,project-9462,2021-10-24T14:39:05.247Z,1484814,3590116,59969712,Subject,9462,jmschell
3213365,brackets,project-9462,2021-10-25T11:59:29.728Z,2017299,3592679,59969693,Subject,9462,brookerjarvis
3213477,brackets,project-9462,2021-10-25T13:08:12.695Z,2017299,3592800,59969712,Subject,9462,brookerjarvis
3220873,brackets,project-9462,2021-10-28T12:36:31.182Z,1484814,3601427,59969712,Subject,9462,jmschell
3220965,brackets,project-9462,2021-10-28T14:11:32.427Z,1325481,3601534,59105883,Subject,9462,toby_dog
3224396,brackets,project-9462,2021-10-30T10:29:29.138Z,2017299,3605301,59964688,Subject,9462,brookerjarvis
3224420,brackets,project-9462,2021-10-30T10:49:40.262Z,2017299,3605325,58751331,Subject,9462,brookerjarvis
3225941,brackets,project-9462,2021-10-31T01:45:29.997Z,2245695,3606869,59969693,Subject,9462,MelanieKa
3226451,brackets,project-9462,2021-10-31T12:14:06.449Z,2017299,3607509,58753612,Subject,9462,brookerjarvis
3228450,brackets,project-9462,2021-11-01T12:15:34.086Z,1325481,3609722,58751851,Subject,9462,toby_dog
3228729,brackets,project-9462,2021-11-01T15:14:10.959Z,2017299,3610053,59967544,Subject,9462,brookerjarvis
3229770,brackets,project-9462,2021-11-02T00:31:28.767Z,2245695,3611209,58749838,Subject,9462,MelanieKa
3230409,brackets,project-9462,2021-11-02T11:36:02.498Z,2017299,3611938,59964723,Subject,9462,brookerjarvis
3230494,brackets,project-9462,2021-11-02T12:29:03.684Z,2017299,3612013,59964659,Subject,9462,brookerjarvis
3230828,brackets,project-9462,2021-11-02T15:15:38.686Z,2017299,3612335,59106056,Subject,9462,brookerjarvis
3233594,brackets,project-9462,2021-11-03T15:50:58.754Z,2017299,3615110,59105442,Subject,9462,brookerjarvis
3233629,brackets,project-9462,2021-11-03T16:00:11.407Z,2017299,3615132,59969139,Subject,9462,brookerjarvis
3237951,brackets,project-9462,2021-11-05T14:02:05.088Z,2017299,3619446,59964701,Subject,9462,brookerjarvis
3241782,brackets,project-9462,2021-11-07T11:55:11.101Z,1325481,3623120,58751226,Subject,9462,toby_dog
3248224,brackets,project-9462,2021-11-10T14:05:28.647Z,2017299,3629705,59968416,Subject,9462,brookerjarvis
3252642,brackets,project-9462,2021-11-12T13:54:07.801Z,1325481,3634101,59964779,Subject,9462,toby_dog
3262976,brackets,project-9462,2021-11-16T14:09:09.156Z,1325481,3644653,58750103,Subject,9462,toby_dog
3267559,brackets,project-9462,2021-11-18T13:50:08.871Z,1325481,3649628,59105738,Subject,9462,toby_dog
3275060,brackets,project-9462,2021-11-21T11:29:19.802Z,1325481,3657044,58752100,Subject,9462,toby_dog
3275087,brackets,project-9462,2021-11-21T11:39:54.520Z,1325481,3657076,59970400,Subject,9462,toby_dog
3284388,brackets,project-9462,2021-11-24T23:21:35.421Z,2245695,3666666,59966703,Subject,9462,MelanieKa
3296900,brackets,project-9462,2021-11-30T22:34:09.621Z,2245695,3679336,59967544,Subject,9462,MelanieKa
3296978,brackets,project-9462,2021-11-30T23:13:07.993Z,2245695,3679408,58750648,Subject,9462,MelanieKa
3302460,brackets,project-9462,2021-12-03T15:01:21.072Z,2017299,3685333,59968393,Subject,9462,brookerjarvis
3307499,brackets,project-9462,2021-12-06T00:26:48.859Z,2245695,3690795,59967549,Subject,9462,MelanieKa
3310652,brackets,project-9462,2021-12-07T12:51:37.878Z,1325481,3694367,58752413,Subject,9462,toby_dog
3313079,brackets,project-9462,2021-12-08T12:29:48.871Z,2017299,3697138,59969453,Subject,9462,brookerjarvis
3314392,brackets,project-9462,2021-12-08T22:27:38.823Z,2171621,3698649,58753541,Subject,9462,jsebree
3315141,brackets,project-9462,2021-12-09T08:26:05.108Z,1325481,3699416,58748589,Subject,9462,toby_dog
3317509,brackets,project-9462,2021-12-10T11:28:11.952Z,2000370,3702000,58752094,Subject,9462,Romsey2
3328530,brackets,project-9462,2021-12-15T13:06:30.721Z,2271829,3713073,58753596,Subject,9462,jealofs
3328674,brackets,project-9462,2021-12-15T14:35:20.362Z,2017299,3713235,58753588,Subject,9462,brookerjarvis
3329452,brackets,project-9462,2021-12-15T20:55:02.072Z,2272550,3714065,59105883,Subject,9462,marianenelson
3329672,brackets,project-9462,2021-12-15T22:03:43.461Z,2272550,3714295,58750103,Subject,9462,marianenelson
3329853,brackets,project-9462,2021-12-15T23:48:25.796Z,2245695,3714521,59963477,Subject,9462,MelanieKa
3330921,brackets,project-9462,2021-12-16T14:39:29.600Z,2272550,3715641,59970424,Subject,9462,marianenelson
3333143,brackets,project-9462,2021-12-17T16:55:11.222Z,2324166,3718196,59969135,Subject,9462,Agustinclossirrazabal
3334563,brackets,project-9462,2021-12-18T13:52:55.505Z,2324166,3719753,58752930,Subject,9462,Agustinclossirrazabal
3334694,brackets,project-9462,2021-12-18T15:18:36.356Z,2324166,3719884,59106247,Subject,9462,Agustinclossirrazabal
3334828,brackets,project-9462,2021-12-18T16:27:42.405Z,2324166,3719997,59969926,Subject,9462,Agustinclossirrazabal
3335552,brackets,project-9462,2021-12-18T23:16:06.846Z,2324166,3720648,59105367,Subject,9462,Agustinclossirrazabal
3335671,brackets,project-9462,2021-12-19T00:58:10.795Z,2245695,3720723,58753596,Subject,9462,MelanieKa
3337078,brackets,project-9462,2021-12-19T17:45:03.728Z,2324166,3722111,58751732,Subject,9462,Agustinclossirrazabal
3337642,brackets,project-9462,2021-12-19T22:55:43.763Z,2324166,3722612,59969456,Subject,9462,Agustinclossirrazabal
3338659,brackets,project-9462,2021-12-20T13:39:34.474Z,2324166,3723595,58751435,Subject,9462,Agustinclossirrazabal
3339904,brackets,project-9462,2021-12-21T01:33:30.299Z,2324166,3724919,59965273,Subject,9462,Agustinclossirrazabal
3342532,brackets,project-9462,2021-12-22T11:23:11.082Z,2324166,3727517,61361792,Subject,9462,Agustinclossirrazabal
3346023,brackets,project-9462,2021-12-23T17:08:11.955Z,2324166,3730749,59970256,Subject,9462,Agustinclossirrazabal
3346850,brackets,project-9462,2021-12-23T23:43:01.395Z,2324166,3731639,58753609,Subject,9462,Agustinclossirrazabal
3348124,brackets,project-9462,2021-12-24T17:15:49.966Z,2324166,3733003,59964393,Subject,9462,Agustinclossirrazabal
3351788,brackets,project-9462,2021-12-26T18:07:38.708Z,2324166,3736551,58753538,Subject,9462,Agustinclossirrazabal
3351916,brackets,project-9462,2021-12-26T19:25:21.563Z,2324166,3736681,59967764,Subject,9462,Agustinclossirrazabal
3352289,brackets,project-9462,2021-12-26T23:19:46.846Z,2324166,3737057,59964633,Subject,9462,Agustinclossirrazabal
3352311,brackets,project-9462,2021-12-26T23:36:46.958Z,2324166,3737071,59963862,Subject,9462,Agustinclossirrazabal
3352426,brackets,project-9462,2021-12-27T01:16:39.511Z,2324166,3737169,59105590,Subject,9462,Agustinclossirrazabal
3354579,brackets,project-9462,2021-12-28T00:09:12.990Z,2245695,3739395,59966952,Subject,9462,MelanieKa
3356636,brackets,project-9462,2021-12-28T19:49:04.272Z,2324166,3741556,59969660,Subject,9462,Agustinclossirrazabal
3357165,brackets,project-9462,2021-12-29T00:13:53.911Z,2324166,3742150,59964668,Subject,9462,Agustinclossirrazabal
3357374,brackets,project-9462,2021-12-29T02:37:58.172Z,2324166,3742366,58753267,Subject,9462,Agustinclossirrazabal
3357922,brackets,project-9462,2021-12-29T11:42:22.524Z,2324166,3743010,61361394,Subject,9462,Agustinclossirrazabal
3358402,brackets,project-9462,2021-12-29T15:39:10.034Z,2017299,3743444,58750504,Subject,9462,brookerjarvis
3359619,brackets,project-9462,2021-12-30T00:04:06.632Z,2245695,3744648,58752098,Subject,9462,MelanieKa
3360726,brackets,project-9462,2021-12-30T14:42:31.460Z,2017299,3745946,59965404,Subject,9462,brookerjarvis
3362926,brackets,project-9462,2021-12-31T11:15:09.762Z,2324166,3748413,61361794,Subject,9462,Agustinclossirrazabal
3362941,brackets,project-9462,2021-12-31T11:32:35.644Z,2324166,3748432,59969664,Subject,9462,Agustinclossirrazabal
3363022,brackets,project-9462,2021-12-31T12:50:58.829Z,2017299,3748526,59105559,Subject,9462,brookerjarvis
3363174,brackets,project-9462,2021-12-31T14:15:17.865Z,2017299,3748695,58749853,Subject,9462,brookerjarvis
3363672,brackets,project-9462,2021-12-31T18:14:05.691Z,2324166,3749309,58748586,Subject,9462,Agustinclossirrazabal
3363682,brackets,project-9462,2021-12-31T18:16:18.312Z,2324166,3749315,58750572,Subject,9462,Agustinclossirrazabal
3364684,brackets,project-9462,2022-01-01T11:17:26.595Z,2017299,3750351,61361792,Subject,9462,brookerjarvis
3365446,brackets,project-9462,2022-01-01T19:01:34.697Z,2377055,3751142,58753267,Subject,9462,StephanieRose
3365496,brackets,project-9462,2022-01-01T19:16:25.262Z,2377055,3751199,58753661,Subject,9462,StephanieRose
3367871,brackets,project-9462,2022-01-02T16:47:49.488Z,2000370,3753450,59965328,Subject,9462,Romsey2
3367882,brackets,project-9462,2022-01-02T16:49:19.147Z,2000370,3753452,59970330,Subject,9462,Romsey2
3368438,brackets,project-9462,2022-01-02T20:29:59.123Z,2324166,3754014,59963646,Subject,9462,Agustinclossirrazabal
3369773,brackets,project-9462,2022-01-03T11:45:53.150Z,2017299,3755264,59967979,Subject,9462,brookerjarvis
3370196,brackets,project-9462,2022-01-03T14:57:27.439Z,2017299,3755698,59964633,Subject,9462,brookerjarvis
3370695,brackets,project-9462,2022-01-03T17:37:05.629Z,2324166,3756227,59964018,Subject,9462,Agustinclossirrazabal
3371313,brackets,project-9462,2022-01-03T21:38:15.263Z,2324166,3756833,59964658,Subject,9462,Agustinclossirrazabal
3371330,brackets,project-9462,2022-01-03T21:57:32.518Z,2324166,3756876,59965258,Subject,9462,Agustinclossirrazabal
3372252,brackets,project-9462,2022-01-04T11:35:50.439Z,2017299,3757806,61361794,Subject,9462,brookerjarvis
3372271,brackets,project-9462,2022-01-04T11:54:11.440Z,2017299,3757830,59105732,Subject,9462,brookerjarvis
3372662,brackets,project-9462,2022-01-04T15:17:40.920Z,2017299,3758225,59963646,Subject,9462,brookerjarvis
3372715,brackets,project-9462,2022-01-04T15:51:35.224Z,2017299,3758302,58752090,Subject,9462,brookerjarvis
3372719,brackets,project-9462,2022-01-04T15:52:40.352Z,2324166,3758306,59963679,Subject,9462,Agustinclossirrazabal
3372770,brackets,project-9462,2022-01-04T16:11:04.662Z,2324166,3758366,58750570,Subject,9462,Agustinclossirrazabal
3372778,brackets,project-9462,2022-01-04T16:12:23.155Z,2324166,3758369,59964715,Subject,9462,Agustinclossirrazabal
3373302,brackets,project-9462,2022-01-04T20:01:45.146Z,2272550,3758963,58748674,Subject,9462,marianenelson
3373330,brackets,project-9462,2022-01-04T20:14:40.937Z,2272550,3759005,59965273,Subject,9462,marianenelson
3373332,brackets,project-9462,2022-01-04T20:17:38.960Z,2272550,3759015,58752096,Subject,9462,marianenelson
3374597,brackets,project-9462,2022-01-05T13:30:51.837Z,2017299,3760518,58752413,Subject,9462,brookerjarvis
3374651,brackets,project-9462,2022-01-05T14:16:19.356Z,1325481,3760605,59105879,Subject,9462,toby_dog
3374652,brackets,project-9462,2022-01-05T14:16:38.236Z,2017299,3760606,58749880,Subject,9462,brookerjarvis
3375086,brackets,project-9462,2022-01-05T17:40:35.275Z,1325481,3761079,58749864,Subject,9462,toby_dog
3375818,brackets,project-9462,2022-01-05T21:55:28.066Z,2272550,3761720,59964633,Subject,9462,marianenelson
3377101,brackets,project-9462,2022-01-06T12:18:44.090Z,2017299,3763142,59965256,Subject,9462,brookerjarvis
3377181,brackets,project-9462,2022-01-06T12:53:26.652Z,2017299,3763226,58753050,Subject,9462,brookerjarvis
3377405,brackets,project-9462,2022-01-06T15:08:43.842Z,2017299,3763485,59968417,Subject,9462,brookerjarvis
3378378,brackets,project-9462,2022-01-06T21:57:41.075Z,2108942,3764413,59969454,Subject,9462,foxhan13
3378404,brackets,project-9462,2022-01-06T22:09:46.157Z,2108942,3764442,58751863,Subject,9462,foxhan13
3378405,brackets,project-9462,2022-01-06T22:11:34.090Z,2271829,3764445,58750648,Subject,9462,jealofs
3378417,brackets,project-9462,2022-01-06T22:15:59.457Z,2108942,3764457,59105722,Subject,9462,foxhan13
3378457,brackets,project-9462,2022-01-06T22:39:17.695Z,2108942,3764515,61361791,Subject,9462,foxhan13
3378460,brackets,project-9462,2022-01-06T22:40:09.397Z,2108942,3764518,58749865,Subject,9462,foxhan13
3383017,brackets,project-9462,2022-01-08T21:34:46.783Z,2330292,3769452,59105750,Subject,9462,jhu
3385923,brackets,project-9462,2022-01-10T02:50:06.070Z,2108942,3772415,58751180,Subject,9462,foxhan13
3385933,brackets,project-9462,2022-01-10T03:16:53.048Z,2108942,3772431,59965407,Subject,9462,foxhan13
3385941,brackets,project-9462,2022-01-10T03:27:19.503Z,2108942,3772443,58751638,Subject,9462,foxhan13
3387202,brackets,project-9462,2022-01-10T18:12:16.150Z,1325481,3773858,59965255,Subject,9462,toby_dog
3388034,brackets,project-9462,2022-01-11T03:34:52.773Z,2108942,3774867,59106248,Subject,9462,foxhan13
3388052,brackets,project-9462,2022-01-11T03:42:48.761Z,2108942,3774883,59105881,Subject,9462,foxhan13
3389729,brackets,project-9462,2022-01-11T20:45:54.134Z,2272550,3776571,59969447,Subject,9462,marianenelson
3392203,brackets,project-9462,2022-01-12T23:40:08.651Z,2245695,3779255,58751638,Subject,9462,MelanieKa
3400324,parentheses,project-9462,2022-01-16T20:30:49.478Z,2271829,3788076,59968422,Subject,9462,jealofs
3400331,parentheses,project-9462,2022-01-16T20:35:30.801Z,2271829,3788082,58753632,Subject,9462,jealofs
3400678,brackets,project-9462,2022-01-17T03:37:24.177Z,2108942,3788530,59963645,Subject,9462,foxhan13
3402482,brackets,project-9462,2022-01-17T22:16:16.437Z,2108942,3790452,59965327,Subject,9462,foxhan13
3402795,brackets,project-9462,2022-01-18T03:31:46.236Z,2108942,3790795,59965468,Subject,9462,foxhan13
3402868,brackets,project-9462,2022-01-18T04:32:59.244Z,2108942,3790865,59969711,Subject,9462,foxhan13
3404203,brackets,project-9462,2022-01-18T20:16:42.856Z,2272550,3792282,58751851,Subject,9462,marianenelson
3404701,brackets,project-9462,2022-01-19T01:53:14.294Z,2108942,3792826,59964699,Subject,9462,foxhan13
3405617,brackets,project-9462,2022-01-19T15:04:26.983Z,1484814,3793885,59969694,Subject,9462,jmschell
3405618,parentheses,project-9462,2022-01-19T15:04:26.986Z,1484814,3793885,59969694,Subject,9462,jmschell
3406620,brackets,project-9462,2022-01-19T22:21:03.396Z,2271829,3794847,59969660,Subject,9462,jealofs
3407680,brackets,project-9462,2022-01-20T14:22:38.822Z,1484814,3795964,59969713,Subject,9462,jmschell
3408690,brackets,project-9462,2022-01-20T21:34:30.811Z,2271829,3796966,59963638,Subject,9462,jealofs
3408782,brackets,project-9462,2022-01-20T22:25:23.269Z,2272550,3797047,59965255,Subject,9462,marianenelson
3408789,brackets,project-9462,2022-01-20T22:34:32.347Z,2272550,3797056,58753596,Subject,9462,marianenelson
3408852,brackets,project-9462,2022-01-20T23:34:44.333Z,2245695,3797107,59964699,Subject,9462,MelanieKa
3409457,brackets,project-9462,2022-01-21T13:23:54.715Z,2271829,3797843,59964655,Subject,9462,jealofs
3410323,brackets,project-9462,2022-01-21T20:58:42.133Z,2272550,3798801,59964668,Subject,9462,marianenelson
3411288,brackets,project-9462,2022-01-22T12:59:41.118Z,2271829,3799849,58753619,Subject,9462,jealofs
3412021,brackets,project-9462,2022-01-22T18:25:32.350Z,1484814,3800454,59964327,Subject,9462,jmschell
3413243,brackets,project-9462,2022-01-23T14:15:04.968Z,2324166,3801647,58751436,Subject,9462,Agustinclossirrazabal
3413955,brackets,project-9462,2022-01-23T20:19:37.066Z,2324166,3802234,58751234,Subject,9462,Agustinclossirrazabal
3414290,brackets,project-9462,2022-01-23T22:25:40.798Z,2324166,3802593,59105757,Subject,9462,Agustinclossirrazabal
3414638,brackets,project-9462,2022-01-24T02:42:55.798Z,2324166,3802900,59105728,Subject,9462,Agustinclossirrazabal
3415133,brackets,project-9462,2022-01-24T13:04:17.266Z,2324166,3803597,59969132,Subject,9462,Agustinclossirrazabal
3415260,brackets,project-9462,2022-01-24T14:09:44.597Z,2324166,3803727,59967492,Subject,9462,Agustinclossirrazabal
3415548,brackets,project-9462,2022-01-24T16:16:38.422Z,2324166,3804035,61361787,Subject,9462,Agustinclossirrazabal
3415650,brackets,project-9462,2022-01-24T16:50:34.190Z,2324166,3804113,59968306,Subject,9462,Agustinclossirrazabal
3416086,brackets,project-9462,2022-01-24T19:46:35.263Z,2272550,3804537,58753621,Subject,9462,marianenelson
3418222,brackets,project-9462,2022-01-25T22:28:16.978Z,2271829,3807002,59968394,Subject,9462,jealofs
3420309,brackets,project-9462,2022-01-26T21:21:45.861Z,2272550,3809315,59969694,Subject,9462,marianenelson
3420408,parentheses,project-9462,2022-01-26T23:13:11.596Z,2271829,3809515,59105443,Subject,9462,jealofs
3423148,brackets,project-9462,2022-01-28T06:24:04.428Z,2334368,3812588,58752721,Subject,9462,HumanAsFarAsIKnow
3423628,brackets,project-9462,2022-01-28T12:54:26.950Z,2271829,3813141,59968420,Subject,9462,jealofs
3425691,brackets,project-9462,2022-01-29T12:29:57.312Z,2017299,3815128,59965258,Subject,9462,brookerjarvis
3425696,brackets,project-9462,2022-01-29T12:47:57.183Z,2017299,3815139,59965273,Subject,9462,brookerjarvis
3425702,brackets,project-9462,2022-01-29T12:59:25.671Z,2271829,3815147,58752095,Subject,9462,jealofs
3425738,brackets,project-9462,2022-01-29T13:32:05.924Z,2017299,3815179,58751634,Subject,9462,brookerjarvis
3425748,brackets,project-9462,2022-01-29T13:39:33.791Z,2017299,3815191,59968422,Subject,9462,brookerjarvis
3427266,brackets,project-9462,2022-01-30T13:08:10.300Z,2017299,3816632,58753658,Subject,9462,brookerjarvis
3427300,brackets,project-9462,2022-01-30T13:23:18.783Z,2271829,3816646,59105881,Subject,9462,jealofs
3427351,brackets,project-9462,2022-01-30T13:56:28.156Z,2017299,3816693,58753631,Subject,9462,brookerjarvis
3427575,brackets,project-9462,2022-01-30T16:16:26.815Z,2035708,3816921,59105881,Subject,9462,PFeyespy
3428033,brackets,project-9462,2022-01-30T19:53:44.947Z,2272550,3817328,58753278,Subject,9462,marianenelson
3428112,brackets,project-9462,2022-01-30T20:34:50.739Z,1894841,3817402,59969656,Subject,9462,R4ven
3428496,brackets,project-9462,2022-01-31T01:24:10.704Z,2108942,3817817,59966351,Subject,9462,foxhan13
3429196,brackets,project-9462,2022-01-31T12:04:32.085Z,2017299,3818515,59967317,Subject,9462,brookerjarvis
3429389,brackets,project-9462,2022-01-31T14:24:37.916Z,2017299,3818710,59963477,Subject,9462,brookerjarvis
3429392,brackets,project-9462,2022-01-31T14:25:48.745Z,2017299,3818714,59965408,Subject,9462,brookerjarvis
3429399,brackets,project-9462,2022-01-31T14:28:27.754Z,2017299,3818725,59970424,Subject,9462,brookerjarvis
3429412,brackets,project-9462,2022-01-31T14:34:23.966Z,2017299,3818732,58752093,Subject,9462,brookerjarvis
3429450,brackets,project-9462,2022-01-31T14:47:42.178Z,2017299,3818762,59966789,Subject,9462,brookerjarvis
3430859,brackets,project-9462,2022-02-01T01:26:39.547Z,2108942,3820135,58751544,Subject,9462,foxhan13
3431810,brackets,project-9462,2022-02-01T12:48:31.046Z,2017299,3821019,59105443,Subject,9462,brookerjarvis
3433068,brackets,project-9462,2022-02-01T21:23:25.651Z,2245695,3822426,59105732,Subject,9462,MelanieKa
3434623,brackets,project-9462,2022-02-02T14:56:43.414Z,2017299,3824015,58750283,Subject,9462,brookerjarvis
3434636,brackets,project-9462,2022-02-02T15:01:43.466Z,2017299,3824028,58753632,Subject,9462,brookerjarvis
3434654,brackets,project-9462,2022-02-02T15:08:46.137Z,2017299,3824047,58752930,Subject,9462,brookerjarvis
3436357,brackets,project-9462,2022-02-03T01:46:21.043Z,2108942,3825935,58751029,Subject,9462,foxhan13
3437679,brackets,project-9462,2022-02-03T16:16:14.193Z,2017299,3827394,58752415,Subject,9462,brookerjarvis
3438230,brackets,project-9462,2022-02-03T18:53:26.588Z,2272550,3827928,58752415,Subject,9462,marianenelson
